"Name_UID","Person_UID","Name_Type","Place_of_Birth","Date_of_Birth","Forename1","Forename2","Forename3","Forename4","Surname","Forename1_Metaphone","Forename2_Metaphone","Forename3_Metaphone","Forename4_Metaphone","Surname_Metaphone"
1,1,"P","NEWCASTLE/TY","1954-01-26","DEREK","BRIAN",NULL,NULL,"BANNON","TRK","BRN","","","BNN"
2,2,"P","LIVERPOOL","1956-01-03","WILLIAM",NULL,NULL,NULL,"CLERKEN","WLM","","","","KLRK"
3,3,"P","OLDHAM","1974-01-08","CRAIG","ANTHONY",NULL,NULL,"SKEOCH","KRK","AN0N","","","SKX"
4,4,"P","IPSWICH","1954-01-25","STEVEN","LEONARD",NULL,NULL,"STOREY","STFN","LNRT","","","STR"
5,5,"P","WATFORD","1941-01-31","MICHAEL",NULL,NULL,NULL,"ELFOURTI","MXL","","","","ELFR"
6,6,"P","LIVERPOOL","1965-01-12","MICHAEL","ANTHONY",NULL,NULL,"COLMEY","MXL","AN0N","","","KLM"
7,7,"P","SCUNTHORPE","1952-01-20","JOHN",NULL,NULL,NULL,"SENIOR","JN","","","","SNR"
8,8,"P","SWINDON","1956-01-14","SANDRA","ANNE",NULL,NULL,"BYRNE","SNTR","AN","","","BRN"
9,9,"P","BRISTOL","1953-01-26","MICHAEL","JOHN",NULL,NULL,"HUMPHERIES","MXL","JN","","","HMFR"
10,10,"P","RIPLEY","1966-01-02","RICHARD",NULL,NULL,NULL,"SIMMONDS","RXRT","","","","SMNT"
11,11,"P","EDINBURGH","1937-01-28","DAVID",NULL,NULL,NULL,"THOMPSON","TFT","","","","0MPS"
12,12,"P","IPSWICH","1953-01-09","ALISON","CHRISTINE",NULL,NULL,"CULLEN","ALSN","XRST","","","KLN"
13,13,"P","CAMBERWELL","1971-01-03","MUSTAFA",NULL,NULL,NULL,"EVANS","MSTF","","","","EFNS"
14,14,"P","BISHOP AUCK","1969-01-08","MICHAEL","EDWARD",NULL,NULL,"GREEN","MXL","ETWR","","","KRN"
15,15,"P","RUGELEY","1968-01-04","MAXINE","KATHRYN",NULL,NULL,"BIRCH","MKSN","K0RN","","","BRX"
16,16,"P","LIVERPOOL","1932-01-30","THOMAS",NULL,NULL,NULL,"DENNIS","0MS","","","","TNS"
17,17,"P","INDIA","1946-01-07","SHEAN",NULL,NULL,NULL,"SHAW","XN","","","","X"
18,18,"P","GLASGOW","1967-01-22","PAUL","DORAN",NULL,NULL,"STEVEN","PL","TRN","","","STFN"
19,19,"P","CASTLEBAR SI","1937-01-13","OLIVER","JOHN",NULL,NULL,"SMALL","OLFR","JN","","","SML"
20,20,"P","MANCHESTER","1955-01-28","MICHAEL",NULL,NULL,NULL,"LALL","MXL","","","","LL"
21,21,"P","BIRMINGHAM","1937-01-14","ERNEST","ALLAN",NULL,NULL,"CARMICHAEL","ERNS","ALN","","","KRMX"
22,22,"P","PAKISTAN","1960-01-10","MUSTAFA",NULL,NULL,NULL,"ELKINS","MSTF","","","","ELKN"
23,23,"P","RYDE IOW","1937-01-15","KENNETH","HERBERT",NULL,NULL,"DIXON","KN0","HRBR","","","TKSN"
24,24,"P","UNTD KINGDOM",NULL,"JACQUELINE",NULL,NULL,NULL,"LAWSON","JKKL","","","","LSN"
25,25,"P","SCUNTHORPE","1928-01-27","JOAN",NULL,NULL,NULL,"SADD","JN","","","","ST"
26,26,"P","HULL (16)","1969-01-09","LEE","ANDREW",NULL,NULL,"FRANCIS","L","ANTR","","","FRNS"
27,27,"P","ISLINGTON","1974-01-12","NEIL","PETER",NULL,NULL,"GARRETT","NL","PTR","","","KRT"
28,28,"P","NEWCASTLE/TY","1936-01-26","WILLIAM","EDWARD",NULL,NULL,"TWEEDALE","WLM","ETWR","","","TWTL"
29,29,"P","ISRAEL","1943-01-10","WILLIAM","GEORGE",NULL,NULL,"DUCKWORTH","WLM","JRJ","","","TKWR"
30,30,"P","DUDLEY","1931-01-23","TERENCE","HUGH","WERWOOD",NULL,"CAMERON","TRNS","H","WRWT","","KMRN"
31,31,"P","BIRMINGHAM","1968-01-23","ANDREW","JOHN",NULL,NULL,"BRADLEY","ANTR","JN","","","BRTL"
32,32,"P","BARNSTAPLE","1962-01-15","DEBORAH","ELAINE",NULL,NULL,"WALL","TBR","ELN","","","WL"
33,33,"P","EPPING","1961-01-22","IAN",NULL,NULL,NULL,"BRAR","IN","","","","BRR"
34,34,"P","BIRMINGHAM","1968-01-10","NEAL","ANTHONY",NULL,NULL,"LYNCH","NL","AN0N","","","LNX"
35,35,"P","JAMAICA","1957-01-23","HULDAH",NULL,NULL,NULL,"HEDLEY","HLT","","","","HTL"
36,36,"P","NEWCASTLE","1957-01-25","TREVOR","ALLAN",NULL,NULL,"WILDE","TRFR","ALN","","","WLT"
37,37,"P","GLOUCESTER","1947-01-20","MICHAEL","JOHN",NULL,NULL,"MURPHY","MXL","JN","","","MRF"
38,38,"P","PETERBOROUGH","1954-01-17","WILLIAM","RAYMOND",NULL,NULL,"LETSUMAMASINGHAM","WLM","RMNT","","","LTSM"
39,39,"P","DUNDEE","1930-01-24","WILLIAM","ALLERDYCE",NULL,NULL,"LAWSON","WLM","ALRT","","","LSN"
40,40,"P","GUYANA","1955-01-06","DEODAT",NULL,NULL,NULL,"MOORE","TTT","","","","MR"
41,41,"P","WOOLWICH","1939-01-25","ROBERT","BLACK",NULL,NULL,"KERSHAW","RBRT","BLK","","","KRX"
42,42,"P","KENT","1949-01-03","SIMON","HENRY",NULL,NULL,"ASKHAM","SMN","HNR","","","ASKH"
43,43,"P","LIVERPOOL","1956-01-05","ROBERT","GEORGE",NULL,NULL,"KERR","RBRT","JRJ","","","KR"
44,44,"P","BEDFORD","1967-01-19","ANDREW","JOHN",NULL,NULL,"DOYLE","ANTR","JN","","","TL"
45,45,"P","WEST NORBURY","1965-01-23","DARREN","DAVID",NULL,NULL,"KENNY","TRN","TFT","","","KN"
46,46,"P","FEATHERSTONE","1933-01-30","JAMES",NULL,NULL,NULL,"BARRY","JMS","","","","BR"
47,47,"P","GERMANY","1942-01-03","WILLIAM","MICHAEL",NULL,NULL,"HUMPHRIES","WLM","MXL","","","HMFR"
48,48,"P","WICKFORD","1926-01-11","DESMOND","JOHN",NULL,NULL,"LEDGER","TSMN","JN","","","LJR"
49,49,"P","WESTON/MARE","1967-01-11","MARTIN","CHRISTOPHER",NULL,NULL,"WEBBERLEY","MRTN","XRST","","","WBRL"
50,50,"P","AYLSHAM","1950-01-24","PATRICIA","EVELYN",NULL,NULL,"SNELL","PTRX","EFLN","","","SNL"
51,51,"P","BIRKENHEAD","1966-01-26","SIMON","KENNETH",NULL,NULL,"SMITHSON","SMN","KN0","","","SM0S"
52,52,"P","MANCHESTER","1946-01-13","JAMES","WILLIAM",NULL,NULL,"EDWARDS","JMS","WLM","","","ETWR"
53,53,"P","EBBW VALE","1942-01-11","ROBERT","ARTHUR",NULL,NULL,"FOWLER","RBRT","AR0R","","","FLR"
54,54,"P","BOOTLE","1958-01-17","COLIN",NULL,NULL,NULL,"HENDERSON","KLN","","","","HNTR"
55,55,"P","NORWICH","1960-01-22","MARTYN","CHARLES",NULL,NULL,"WINDRIDGE","MRTN","KRLS","","","WNTR"
56,56,"P","GLASGOW","1949-01-15","BRIAN",NULL,NULL,NULL,"MOGG","BRN","","","","MK"
57,57,"P","NEWCASTLE/TY","1954-01-15","PHILIP","LESTER",NULL,NULL,"WINFIELD","FLP","LSTR","","","WNFL"
58,58,"P","ROCHDALE","1937-01-18","IVAN","NORMAN","FRANCIS",NULL,"MOON","IFN","NRMN","FRNS","","MN"
59,59,"P","EDWINSTONE","1957-01-29","DAVID",NULL,NULL,NULL,"COOP","TFT","","","","KP"
60,60,"P","SUTTON/ASHFD","1969-01-28","ANDREW","JOHN",NULL,NULL,"LEWIS","ANTR","JN","","","LWS"
61,61,"P","COVENTRY","1966-01-07","FIONA","ANNA",NULL,NULL,"BELL","FN","AN","","","BL"
62,62,"P","SPAIN","1956-01-15","EDUARDO",NULL,NULL,NULL,"DONALD","ETRT","","","","TNLT"
63,63,"P","CO DURHAM","1941-01-20","JOSEPH",NULL,NULL,NULL,"TURLEY","JSF","","","","TRL"
64,64,"P","CORBY","1968-01-21","CLYDE","ANDREW",NULL,NULL,"DESA","KLT","ANTR","","","TS"
65,65,"P","HEREFORD","1969-01-06","KENNETH","GEORGE",NULL,NULL,"CREAN","KN0","JRJ","","","KRN"
66,66,"P","BROAD CLYST","1961-01-25","CHARLES","ROBERT",NULL,NULL,"MOYSE","KRLS","RBRT","","","MS"
67,67,"P","PECKHAM","1956-01-02","ROY","THOMAS",NULL,NULL,"O'CONNELL","R","0MS","","","OKNL"
68,68,"P","ST LUCIA WI","1957-01-05","JENNIFER",NULL,NULL,NULL,"HEPPLESTON","JNFR","","","","HPLS"
69,69,"P","CROYDON","1963-01-19","MARCIA",NULL,NULL,NULL,"REEVES","MRX","","","","RFS"
70,70,"P","GLASGOW","1940-01-27","WILLIAM",NULL,NULL,NULL,"FEENEY","WLM","","","","FN"
71,71,"P","BIRMINGHAM","1962-01-24","JENNIFER",NULL,NULL,NULL,"SMITH","JNFR","","","","SM0"
72,72,"P","MIDDLESBRO","1941-01-30","JOHN",NULL,NULL,NULL,"SERVICE","JN","","","","SRFS"
73,73,"P","HEMEL HEMPST","1960-01-15","IAN","ALISTAIR",NULL,NULL,"STICKLAND","IN","ALST","","","STKL"
74,74,"P","SEAHAM","1958-01-03","WAYNE",NULL,NULL,NULL,"GRAHAM-SMITH","WN","","","","KRHM"
75,75,"P","COVENTRY","1970-01-05","ANDREW","JOHN",NULL,NULL,"BROOKS","ANTR","JN","","","BRKS"
76,76,"P","DAGENHAM","1929-01-11","REGINALD","JOHN",NULL,NULL,"PIKE","RJNL","JN","","","PK"
77,77,"P","ROSSENDALE","1959-01-30","DEREK","DESMOND",NULL,NULL,"WARD","TRK","TSMN","","","WRT"
78,78,"P","BURY","1976-01-29","LEE","DAVID",NULL,NULL,"GIBBON","L","TFT","","","JBN"
79,79,"P","BIRMINGHAM","1960-01-31","JOHN","DEREK",NULL,NULL,"PLAISTED","JN","TRK","","","PLST"
80,80,"P","LONDON","1954-01-02","DAVID","JOHN",NULL,NULL,"FIELDING","TFT","JN","","","FLTN"
81,81,"P","MALAYSIA","1947-01-02","RAMHAMSINGAN",NULL,NULL,NULL,"BAIRSTOW","RMHM","","","","BRST"
82,82,"P","PECKHAM","1945-01-04","BRIAN","LESLIE",NULL,NULL,"DEWSALL","BRN","LSL","","","TSL"
83,83,"P","COVENTRY","1955-01-27","JULIE","DAWN",NULL,NULL,"COOMBS","JL","TN","","","KMBS"
84,84,"P","CARDIFF","1947-01-28","GERALD",NULL,NULL,NULL,"DUNCAN","JRLT","","","","TNKN"
85,85,"P","BIRMINGHAM","1939-01-07","COLIN","HARRY",NULL,NULL,"COLEMAN","KLN","HR","","","KLMN"
86,86,"P","LUDLOW","1940-01-09","JEAN",NULL,NULL,NULL,"COSTELLO","JN","","","","KSTL"
87,87,"P","SCOTLAND","1960-01-18","DAVID",NULL,NULL,NULL,"TOBIN","TFT","","","","TBN"
88,88,"P","PARIS","1951-01-03","OLIVER","JEAN","RENE",NULL,"BARKER","OLFR","JN","RN","","BRKR"
89,89,"P","CARDIFF","1960-01-21","ALAN","PAUL",NULL,NULL,"SALT","ALN","PL","","","SLT"
90,90,"P","CARDIFF","1947-01-05","ALAN",NULL,NULL,NULL,"MANNING","ALN","","","","MNNK"
91,91,"P","BRISTOL","1959-01-24","DAVID","GEORGE",NULL,NULL,"MCERLANE","TFT","JRJ","","","MSRL"
92,92,"P","COVENTRY","1957-01-23","COLIN","TERENCE",NULL,NULL,"IRESON","KLN","TRNS","","","IRSN"
93,93,"P","PADDINGTON","1957-01-19","JOHN","VINCENT",NULL,NULL,"ALDERTON","JN","FNSN","","","ALTR"
94,94,"P","OXFORD","1929-01-12","ERIC","WILFRED",NULL,NULL,"POTTS","ERK","WLFR","","","PTS"
95,95,"P","LIVERPOOL","1938-01-22","MICHELE",NULL,NULL,NULL,"SHARP","MXL","","","","XRP"
96,96,"P","GLASGOW","1943-01-14","THOMAS",NULL,NULL,NULL,"ANDERS","0MS","","","","ANTR"
97,97,"P",NULL,"1937-01-07","DARRYL","ERNEST",NULL,NULL,"REES","TRL","ERNS","","","RS"
98,98,"P","SUTTN COLDFD","1963-01-27","DOMINIC","GILBERT","ANDREW",NULL,"BUTLER","TMNK","JLBR","ANTR","","BTLR"
99,99,"P","LIVERPOOL","1936-01-21","ARTHUR",NULL,NULL,NULL,"STEWART","AR0R","","","","STWR"
100,100,"P","CORK","1941-01-11","JOHN","CHRISTOPHER",NULL,NULL,"TERESZCYZN","JN","XRST","","","TRSS"
101,101,"P","BELFAST","1958-01-19","MARGARUITTE",NULL,NULL,NULL,"MALBON","MRKR","","","","MLBN"
102,102,"P","BLACKBURN","1968-01-22","JOHN","PATRICK",NULL,NULL,"MARSHALL","JN","PTRK","","","MRXL"
103,103,"P","EASTBOURNE","1969-01-19","TIMOTHY","JOHN",NULL,NULL,"IVE","TM0","JN","","","IF"
104,104,"P","BLACKPOOL","1948-01-10","DAVID","STANLEY",NULL,NULL,"JEWELL","TFT","STNL","","","JWL"
105,105,"P","YORK","1963-01-26","LESLIE","NEIL",NULL,NULL,"ANJAM","LSL","NL","","","ANJM"
106,106,"P","BURY/EDMUNDS","1922-01-29","FREDRICK","MARTIN",NULL,NULL,"MARSH","FRTR","MRTN","","","MRX"
107,107,"P","PETERBOROUGH","1965-01-10","ANDREW","JAMES",NULL,NULL,"WOODHOUSE","ANTR","JMS","","","WTHS"
108,108,"P","SWANSEA","1952-01-06","JOHN",NULL,NULL,NULL,"POOLE","JN","","","","PL"
109,109,"P","PERTH","1948-01-27","DAVID",NULL,NULL,NULL,"MORAN","TFT","","","","MRN"
110,110,"P",NULL,NULL,"DOUGLAS","JAMES",NULL,NULL,"JOHNSTON","TKLS","JMS","","","JNST"
111,111,"P","OLDHAM","1959-01-26","LESLIE",NULL,NULL,NULL,"CROFTS","LSL","","","","KRFT"
112,112,"P","TIDWORTH","1962-01-05","BRIAN","JOHN",NULL,NULL,"CARLILL","BRN","JN","","","KRLL"
113,113,"P","DUBLIN EIRE","1960-01-13","PAUL","RICHARD",NULL,NULL,"NEARY","PL","RXRT","","","NR"
114,114,"P","BLACKBURN","1973-01-25","PHILIP","ANDREW",NULL,NULL,"GEE","FLP","ANTR","","","J"
115,115,"P","YORK","1965-01-25","SHANE",NULL,NULL,NULL,"MILLAR","XN","","","","MLR"
116,116,"P","E KIRBY","1940-01-08","JACK",NULL,NULL,NULL,"THOMPSON","JK","","","","0MPS"
117,117,"P","HUDDERSFIELD","1957-01-04","JEREMY","CHARLES",NULL,NULL,"SMITH","JRM","KRLS","","","SM0"
118,118,"P","N KESTEVENS","1963-01-03","PETER","JOHN",NULL,NULL,"BENTLEY","PTR","JN","","","BNTL"
119,119,"P","STOKE/TRENT","1958-01-03","PAUL","VICTOR",NULL,NULL,"PHYALL","PL","FKTR","","","FYL"
120,120,"P","GLOUCESTER","1971-01-29","SEAN",NULL,NULL,NULL,"GARDE","SN","","","","KRT"
121,121,"P","PARIS","1961-01-29","ERIC","ANDRE",NULL,NULL,"ASQUITH","ERK","ANTR","","","ASK0"
122,122,"P","PAISLEY","1958-01-18","JAMES",NULL,NULL,NULL,"JENKINS","JMS","","","","JNKN"
123,123,"P","LONDON","1960-01-15","STEPHEN","PHILIP",NULL,NULL,"BLAY","STFN","FLP","","","BL"
124,124,"P","FRANCE","1956-01-29","PASCAL","CHERIF",NULL,NULL,"RAAB","PSKL","KRF","","","RB"
125,125,"P","PLYMOUTH","1973-01-28","GREGORY","JOHN",NULL,NULL,"MURRILL","KRKR","JN","","","MRL"
126,126,"P","SOUTHAMPTON","1964-01-28","KATHERINE","ANN",NULL,NULL,"BURTON","K0RN","AN","","","BRTN"
127,127,"P","EDINBURGH","1974-01-11","PAUL",NULL,NULL,NULL,"MCBETH","PL","","","","MKB0"
128,128,"P","COVENTRY","1936-01-18","HARRY",NULL,NULL,NULL,"BEYNON","HR","","","","BNN"
129,129,"P","NORWICH","1973-01-01","GARETH","STEPHEN",NULL,NULL,"GILMARTIN","KR0","STFN","","","JLMR"
130,130,"P",NULL,"1958-01-28","MARY","ANN",NULL,NULL,"WHELDON","MR","AN","","","WLTN"
131,131,"P","SHEERNESS","1942-01-17","BRIAN",NULL,NULL,NULL,"RABILLAT","BRN","","","","RBLT"
132,132,"P","HARTLEPOOL","1945-01-10","WILLIAM","HENRY",NULL,NULL,"HILDITCH","WLM","HNR","","","HLTX"
133,133,"P","SHROPSHIRE","1972-01-26","GUY",NULL,NULL,NULL,"WOOD","K","","","","WT"
134,134,"P","WORCESTER","1951-01-20","ROBERT","ALFRED",NULL,NULL,"KENNETT","RBRT","ALFR","","","KNT"
135,135,"P","MANCHESTER","1947-01-07","DENNIS",NULL,NULL,NULL,"BROWN","TNS","","","","BRN"
136,136,"P","CHIPPENHAM WILTSHIRE","1973-01-02","WILLIAM","MARK","JOHN",NULL,"MUNDY","WLM","MRK","JN","","MNT"
137,137,"P","FARNHAM","1923-01-14","GILBERT","ERNEST",NULL,NULL,"NOBLE","JLBR","ERNS","","","NBL"
138,138,"P","SOUTHAMPTON","1954-01-02","DAVID","JOHN",NULL,NULL,"WILSON","TFT","JN","","","WLSN"
139,139,"P","FALMOUTH","1964-01-12","SIMON","PATRICK",NULL,NULL,"TAYLOR","SMN","PTRK","","","TLR"
140,140,"P","COVENTRY","1944-01-29","JOHN","RICHARD",NULL,NULL,"DILLON","JN","RXRT","","","TLN"
141,141,"P","GLASGOW","1948-01-12","WILLIAM",NULL,NULL,NULL,"GAMBLE","WLM","","","","KMBL"
142,142,"P","CO GALWAY",NULL,"JOHN",NULL,NULL,NULL,"LONSDALE","JN","","","","LNST"
143,143,"P","ST HELENS","1957-01-27","PAUL","GORDON",NULL,NULL,"HOLT","PL","KRTN","","","HLT"
144,144,"P","WATFORD","1958-01-18","COLIN","DAVID",NULL,NULL,"HIGHFIELD","KLN","TFT","","","HFLT"
145,145,"P","IRVINE","1958-01-05","COLIN","STUART",NULL,NULL,"BILLINGHAM","KLN","STRT","","","BLNK"
146,146,"P","MERTHYR","1943-01-16","JOHN","HENRY",NULL,NULL,"TIMMS","JN","HNR","","","TMS"
147,147,"P","HASTINGS E SUSSEX","1961-01-13","STEVEN","CARL",NULL,NULL,"PINK","STFN","KRL","","","PNK"
148,148,"P","BARNSLEY","1963-01-13","DAVID","WAYNE",NULL,NULL,"MCQUEEN","TFT","WN","","","MKKN"
149,149,"P","SCOTLAND","1956-01-19","MICHAEL","JOHN",NULL,NULL,"VILA","MXL","JN","","","FL"
150,150,"P","LEIGH PARK","1957-01-09","STEPHEN","PAUL",NULL,NULL,"BIRKETT","STFN","PL","","","BRKT"
151,151,"P","MANSFIELD","1969-01-22","JOHN","DEREK",NULL,NULL,"RICHMOND","JN","TRK","","","RXMN"
152,152,"P","STOWMARKET","1947-01-25","TREVOR","RAMON",NULL,NULL,"ANDERSON","TRFR","RMN","","","ANTR"
153,153,"P","COATBRIDGE","1959-01-26","GERARD",NULL,NULL,NULL,"JONES","JRRT","","","","JNS"
154,154,"P","COLCHESTER","1953-01-30","PAUL","MICHAEL",NULL,NULL,"MAY","PL","MXL","","","M"
155,155,"P","LONDON","1944-01-07","ALAN",NULL,NULL,NULL,"TWIGG","ALN","","","","TWK"
156,156,"P","SWINDON","1967-01-17","SALLY","ANN",NULL,NULL,"MANUEL","SL","AN","","","MNL"
157,157,"P","LYNDHURST","1954-01-11","MICHAEL","JOHN",NULL,NULL,"SCULLION","MXL","JN","","","SKLN"
158,158,"P","BANGLADESH","1974-01-10","NOOR",NULL,NULL,NULL,"KENT","NR","","","","KNT"
159,159,"P","CANTERBURY","1961-01-27","MARK",NULL,NULL,NULL,"RENWICK","MRK","","","","RNWK"
160,160,"P","ROYSTON","1972-01-21","MICHAEL","EDWARD",NULL,NULL,"MILLER","MXL","ETWR","","","MLR"
161,161,"P","BARROW/FURNESS","1954-01-16","ANNE","ADA",NULL,NULL,"ANDERSON","AN","AT","","","ANTR"
162,162,"P","LEEDS","1963-01-22","RICHARD","THOMAS",NULL,NULL,"HENRY","RXRT","0MS","","","HNR"
163,163,"P","READING","1945-01-04","DAVID","ALAN",NULL,NULL,"BOTUR","TFT","ALN","","","BTR"
164,164,"P","BEDS","1972-01-07","DANE","ANTHONY",NULL,NULL,"SIMCOCK","TN","AN0N","","","SMKK"
165,165,"P","LONDON","1974-01-20","PETER","GRAHAM",NULL,NULL,"YUILL","PTR","KRHM","","","YL"
166,166,"P","LUTON","1957-01-24","JEANNETTA","MARGARET",NULL,NULL,"FOWLER","JNT","MRKR","","","FLR"
167,167,"P","THAXTED","1959-01-17","ROBIN","TIMOTHY",NULL,NULL,"ROWE","RBN","TM0","","","RW"
168,168,"P","BIRMINGHAM","1972-01-09","CHANTEL","NATASHA",NULL,NULL,"PARRY","KNTL","NTX","","","PR"
169,169,"P","FRANCE","1952-01-14","MICHELE","ANNIE",NULL,NULL,"ONYETT","MXL","AN","","","ONYT"
170,170,"P","AUSTRALIA","1952-01-25","WAYNE","WILLIAM","CARL",NULL,"FIELD","WN","WLM","KRL","","FLT"
171,171,"P","COVENTRY","1942-01-04","JOAN",NULL,NULL,NULL,"STEWART","JN","","","","STWR"
172,172,"P","POOLE","1938-01-02","ALBERT","CHARLES",NULL,NULL,"SHARP","ALBR","KRLS","","","XRP"
173,173,"P","LIVERPOOL","1943-01-23","FRANCIS","MICHAEL",NULL,NULL,"KNEE","FRNS","MXL","","","N"
174,174,"P","BIRMINGHAM","1941-01-18","TERRY","EDWARD",NULL,NULL,"BURKE","TR","ETWR","","","BRK"
175,175,"P","REDHILL","1952-01-15","HILARY","JANE",NULL,NULL,"POLANKIEWICZ","HLR","JN","","","PLNK"
176,176,"P","LONDONDERRY","1958-01-17","GARY","WALTER",NULL,NULL,"IHEANACHO","KR","WLTR","","","IHNX"
177,177,"P","LONDON","1947-01-29","CLIVE","STUART",NULL,NULL,"GATES","KLF","STRT","","","KTS"
178,178,"P","WALSALL","1966-01-26","TINA","MARIA",NULL,NULL,"BRAMHALL","TN","MR","","","BRMH"
179,179,"P","AIDRIE","1945-01-11","TERESA",NULL,NULL,NULL,"JOYCE","TRS","","","","JS"
180,180,"P","LIVERPOOL","1975-01-02","JENNIFER","ELIZABETH",NULL,NULL,"MCCROSSAN","JNFR","ELSB","","","MKKR"
181,181,"P","MANCHESTER","1946-01-19","ERIC",NULL,NULL,NULL,"HINTON","ERK","","","","HNTN"
182,182,"P","STOCKPORT","1950-01-24","ERIC",NULL,NULL,NULL,"FORWARD","ERK","","","","FRWR"
183,183,"P","STH SHIELDS","1935-01-13","WILLIAM",NULL,NULL,NULL,"RAMLAL","WLM","","","","RMLL"
184,184,"P","HARTLEPOOL","1934-01-11","STANLEY",NULL,NULL,NULL,"ROSEWELL","STNL","","","","RSWL"
185,185,"P","KNUTSFORD","1955-01-16","RONALD","CHARLES",NULL,NULL,"PORTEOUS","RNLT","KRLS","","","PRTS"
186,186,"P","BULWELL","1958-01-07","STEVEN",NULL,NULL,NULL,"ROBERTS","STFN","","","","RBRT"
187,187,"P","TEXAS USA","1958-01-05","JAMES","ERIC",NULL,NULL,"REGAN","JMS","ERK","","","RKN"
188,188,"P","DUNDEE","1946-01-05","DAVID","STEWART",NULL,NULL,"COLEMAN","TFT","STWR","","","KLMN"
189,189,"P","MON","1951-01-16","ROBERT","HUGH","RODNEY",NULL,"DAVIES","RBRT","H","RTN","","TFS"
190,190,"P","SKIPTON","1956-01-23","PATRICIA",NULL,NULL,NULL,"MIDDHAT","PTRX","","","","MTHT"
191,191,"P","ISLE OF MAN","1975-01-23","DONNA","LOUISE",NULL,NULL,"VARLEY","TN","LS","","","FRL"
192,192,"P","TAUNTON","1957-01-14","JAMES","WILLIAM",NULL,NULL,"HARKER","JMS","WLM","","","HRKR"
193,193,"P","MIDDLESBRO","1962-01-08","DAVID","GRAHAM",NULL,NULL,"BOLLINGTON","TFT","KRHM","","","BLNK"
194,194,"P","LIVERPOOL","1977-01-28","PAULA",NULL,NULL,NULL,"AINSWORTH","PL","","","","ANSW"
195,195,"P","CITY OF LONDON","1978-01-29","LIAM",NULL,NULL,NULL,"WALKER","LM","","","","WLKR"
196,196,"P","EST HUNTSPIL","1933-01-29","DONALD","STEPHEN",NULL,NULL,"BERRY","TNLT","STFN","","","BR"
197,197,"P","NEWPORT","1961-01-17","NEIL","MICHAEL",NULL,NULL,"SEYMOUR","NL","MXL","","","SMR"
198,198,"P","BURY","1967-01-08","PAUL",NULL,NULL,NULL,"ROBERTSON","PL","","","","RBRT"
199,199,"P","GODALMING SY","1964-01-21","PETER",NULL,NULL,NULL,"CRITCHETT","PTR","","","","KRXT"
200,200,"P","ENFIELD","1956-01-11","ROBERT","JAMES",NULL,NULL,"GUNBY","RBRT","JMS","","","KNB"
201,201,"P","DERBY","1941-01-28","ROBERT","WILLIAM",NULL,NULL,"SMITH","RBRT","WLM","","","SM0"
202,202,"P","BLURTON","1955-01-16","LESLIE","FRANK",NULL,NULL,"COLE","LSL","FRNK","","","KL"
203,203,"P","BILLINGE","1966-01-24","NEIL","CLIVE",NULL,NULL,"WALKER","NL","KLF","","","WLKR"
204,204,"P","SUSSEX","1927-01-08","RONALD","VICTOR","WOOD",NULL,"LAMB","RNLT","FKTR","WT","","LM"
205,205,"P","BIRKENHEAD","1944-01-16","BRIAN",NULL,NULL,NULL,"EMANUAL","BRN","","","","EMNL"
206,206,"P","WIGAN LANCS","1971-01-05","LEE",NULL,NULL,NULL,"INGE","L","","","","INJ"
207,207,"P","MERTHYR TYDFIL","1974-01-05","MICHAEL","PATRICK",NULL,NULL,"LITTLEFAIR","MXL","PTRK","","","LTLF"
208,208,"P","KINGSTON/HUL","1952-01-23","PETER","JOSEPH","GARY",NULL,"MARSDEN","PTR","JSF","KR","","MRST"
209,209,"P","W HAM","1945-01-26","LINDA","ANN",NULL,NULL,"APPLEBY","LNT","AN","","","APLB"
210,210,"P","ISLEWORTH","1955-01-18","MARTIN","CARL",NULL,NULL,"UNDERWOOD","MRTN","KRL","","","UNTR"
211,211,"P","RAINHAM","1950-01-19","DAVID","GEORGE",NULL,NULL,"RUSSELL","TFT","JRJ","","","RSL"
212,212,"P","KENT","1965-01-11","DAVID","LAWRENCE",NULL,NULL,"HARDCASTLE","TFT","LRNS","","","HRTK"
213,213,"P","CARDIFF","1977-01-30","JEEVAN","SINGH",NULL,NULL,"DEXTER","JFN","SN","","","TKST"
214,214,"P","CREWE","1972-01-05","MARK","ROBERT",NULL,NULL,"BARTROP","MRK","RBRT","","","BRTR"
215,215,"P","JAMAICA","1968-01-13","LEE","SYDNEY",NULL,NULL,"KERR","L","STN","","","KR"
216,216,"P","NOTTINGHAM 31","1960-01-16","ERNEST","PETER",NULL,NULL,"CORNELL","ERNS","PTR","","","KRNL"
217,217,"P","COSELEY","1935-01-28","DESMOND",NULL,NULL,NULL,"SAUNDERS","TSMN","","","","SNTR"
218,218,"P","WREXHAM","1939-01-10","BERNARD",NULL,NULL,NULL,"THOMAS","BRNR","","","","0MS"
219,219,"P","GLOUCESTER","1943-01-16","HELENA","MARIE",NULL,NULL,"PETYT","HLN","MR","","","PTT"
220,220,"P","GLASGOW","1959-01-27","FRANCIS","JOSEPH",NULL,NULL,"KELLY","FRNS","JSF","","","KL"
221,221,"P","BATTERSEA","1941-01-06","DOROTHY","MAY",NULL,NULL,"RIVERS","TR0","M","","","RFRS"
222,222,"P","MIDDLESEX","1957-01-20","DIANE","PATRICIA",NULL,NULL,"BRACEWELL","TN","PTRX","","","BRSW"
223,223,"P","GREENOCK","1923-01-09","RICHARD",NULL,NULL,NULL,"WARWICK","RXRT","","","","WRWK"
224,224,"P","PAKISTAN","1931-01-18","MOHAMMED",NULL,NULL,NULL,"DOUGLAS","MHMT","","","","TKLS"
225,225,"P","ASHTON/MAKER","1948-01-08","JAMES","ALFRED",NULL,NULL,"MEARNS","JMS","ALFR","","","MRNS"
226,226,"P","BIRMINGHAM","1946-01-26","JOHN","EDWARD",NULL,NULL,"BRODERICK","JN","ETWR","","","BRTR"
227,227,"P","JERSEY","1964-01-24","TERRI","LOUISE",NULL,NULL,"KELSALL","TR","LS","","","KLSL"
228,228,"P","AYLESBURY","1960-01-07","CARMINE",NULL,NULL,NULL,"NOE","KRMN","","","","N"
229,229,"P","CAMBRIDGE","1950-01-10","ROBERT","CHRISTOPHER",NULL,NULL,"WILLIAMS","RBRT","XRST","","","WLMS"
230,230,"P","GLASGOW","1948-01-07","CHARLES","HAMMOND",NULL,NULL,"FIRTH","KRLS","HMNT","","","FR0"
231,231,"P","DUMFRIES","1968-01-24","MARY","ANNE",NULL,NULL,"BOOLS","MR","AN","","","BLS"
232,232,"P","ROMFORD","1959-01-10","STEPHEN","ANTHONY",NULL,NULL,"STEVENSON","STFN","AN0N","","","STFN"
233,233,"P","LIVERPOOL","1953-01-01","CHARLES","EDWARD",NULL,NULL,"THURTLE","KRLS","ETWR","","","0RTL"
234,234,"P","BIRKENHEAD","1954-01-17","DAVID","IAN",NULL,NULL,"HASE","TFT","IN","","","HS"
235,235,"P",NULL,"1970-01-17","PAUL",NULL,NULL,NULL,"DIVENEY","PL","","","","TFN"
236,236,"P",NULL,"1973-01-20","DARREN","RICHARD",NULL,NULL,"RAMM","TRN","RXRT","","","RM"
237,237,"P","WILTSHIRE","1963-01-07","RUSSELL","DAVID",NULL,NULL,"DALEY","RSL","TFT","","","TL"
238,238,"P","DOVER","1939-01-21","BRIAN","JAMES","EDWARD",NULL,"SHAW","BRN","JMS","ETWR","","X"
239,239,"P","SOUTHEND/SEA","1942-01-06","CHRISTOPHER","EDWARD",NULL,NULL,"OSBORNE","XRST","ETWR","","","OSBR"
240,240,"P","BRISTOL","1967-01-06","KATHRYN","JANE",NULL,NULL,"HATCH","K0RN","JN","","","HX"
241,241,"P","COLCHESTER","1973-01-29","VINCENT","PHILIP",NULL,NULL,"FOTHERBY","FNSN","FLP","","","F0RB"
242,242,"P","SOUTHEND","1961-01-09","PETER","ALAN",NULL,NULL,"SCOTT","PTR","ALN","","","SKT"
243,243,"P","WIDNES","1964-01-25","IAN",NULL,NULL,NULL,"RICHARDSON","IN","","","","RXRT"
244,244,"P","DERBY",NULL,"JEAN","MARY",NULL,NULL,"PHILLIPS","JN","MR","","","FLPS"
245,245,"P","WESTON SUPER MARE","1969-01-18","DARREN","FRANCIS","MARK",NULL,"LANE","TRN","FRNS","MRK","","LN"
246,246,"P","REDRUTH","1959-01-08","GARY","CHRISTOPHER",NULL,NULL,"JENNINGS","KR","XRST","","","JNNK"
247,247,"P","MALTON",NULL,"EDWARD","HARRY",NULL,NULL,"DODDS","ETWR","HR","","","TTS"
248,248,"P","IPSWICH","1967-01-08","TIMOTHY",NULL,NULL,NULL,"CURRY","TM0","","","","KR"
249,249,"P","BIRMINGHAM","1963-01-19","JOANNE",NULL,NULL,NULL,"UNSWORTH","JN","","","","UNSW"
250,250,"P","MANCHESTER","1924-01-04","NORMAN",NULL,NULL,NULL,"SMITH","NRMN","","","","SM0"
251,251,"P","FRIMLEY","1978-01-31","ANTONY","JOHN",NULL,NULL,"BLAND","ANTN","JN","","","BLNT"
252,252,"P","SALFORD","1949-01-03","WILLIAM","THOMAS",NULL,NULL,"JUBB","WLM","0MS","","","JB"
253,253,"P","TREVALYN","1949-01-06","JOHN","EDWARD",NULL,NULL,"CARTER","JN","ETWR","","","KRTR"
254,254,"P","NOTTINGHAM","1947-01-08","DEREK","CHARLES",NULL,NULL,"DERBY","TRK","KRLS","","","TRB"
255,255,"P","LENNOXTOWN","1955-01-30","DONALD","BATHGATE",NULL,NULL,"JONES","TNLT","B0KT","","","JNS"
256,256,"P",NULL,"1949-01-06","ANTHONY","MICHAEL",NULL,NULL,"COX","AN0N","MXL","","","KKS"
257,257,"P","FALCONWOOD","1950-01-12","LINDA","ANNE",NULL,NULL,"GILMOUR","LNT","AN","","","JLMR"
258,258,"P","KENT","1961-01-25","STEPHEN","EDWARD",NULL,NULL,"CARTER","STFN","ETWR","","","KRTR"
259,259,"P","OLDHAM","1975-01-06","KELLY","GEORGINA",NULL,NULL,"WHITE","KL","JRJN","","","WT"
260,260,"P","LIVERPOOL","1936-01-21","JOYCE",NULL,NULL,NULL,"GRAHAM","JS","","","","KRHM"
261,261,"P","MIDDLESBRO","1923-01-09","ANDREW",NULL,NULL,NULL,"BRAYHAM","ANTR","","","","BRHM"
262,262,"P","ALDRIDGE","1940-01-06","COLIN","WILLIAM","ERNEST",NULL,"MORGAN","KLN","WLM","ERNS","","MRKN"
263,263,"P","ENGLAND","1976-01-10","JOHN",NULL,NULL,NULL,"POWELL","JN","","","","PWL"
264,264,"P","MANCHESTER","1929-01-26","ANNIE",NULL,NULL,NULL,"SHEEHAN","AN","","","","XHN"
265,265,"P","ROTHERHAM","1962-01-10","DAMIAN",NULL,NULL,NULL,"HOLE","TMN","","","","HL"
266,266,"P","NEWPORT","1965-01-08","SUZANNE",NULL,NULL,NULL,"DIXON","SSN","","","","TKSN"
267,267,"P","JAMAICA","1955-01-24","DESMOND","CARL",NULL,NULL,"KELLAND","TSMN","KRL","","","KLNT"
268,268,"P","NOTTINGHAM","1953-01-05","CHRISTINE","ANNE",NULL,NULL,"BAUGH","XRST","AN","","","B"
269,269,"P","ILFORD","1972-01-21","CAROLYN","ELIZABETH",NULL,NULL,"BELL","KRLN","ELSB","","","BL"
270,270,"P","MARKFIELD","1963-01-03","PETER","JAMES",NULL,NULL,"OGDEN","PTR","JMS","","","OKTN"
271,271,"P","OXFORD","1975-01-07","KIERON","CHARLES","ANDREW",NULL,"DIGIOVANNI","KRN","KRLS","ANTR","","TJFN"
272,272,"P","SOUTHAMPTON","1966-01-13","PAULA","JANE",NULL,NULL,"BREAKWELL","PL","JN","","","BRKW"
273,273,"P","WST BROMWICH","1963-01-26","DAVID","EDWARD",NULL,NULL,"LLOYD-ROBERTS","TFT","ETWR","","","LTRB"
274,274,"P","BEDFORD","1930-01-25","PETER",NULL,NULL,NULL,"STORRS","PTR","","","","STRS"
275,275,"P","BELLSHILL","1976-01-20","KEVIN",NULL,NULL,NULL,"PETERS","KFN","","","","PTRS"
276,276,"P","BIRMINGHAM","1941-01-04","DOREEN","JOYCE",NULL,NULL,"HUDGELL","TRN","JS","","","HJL"
277,277,"P","LONDON","1972-01-02","MARK","GEORGE",NULL,NULL,"WILSON","MRK","JRJ","","","WLSN"
278,278,"P","STOURPRT/SVN","1954-01-24","KENNETH","PAUL",NULL,NULL,"CLAREHUGH","KN0","PL","","","KLRH"
279,279,"P","ABERDARE","1926-01-01","EDWARD","JOHN",NULL,NULL,"NORMAN","ETWR","JN","","","NRMN"
280,280,"P","LIVERPOOL","1966-01-20","DAVID","EDWARD",NULL,NULL,"MACKENZIE","TFT","ETWR","","","MKNS"
281,281,"P",NULL,"1968-01-07","SAMANTHA","DIANE",NULL,NULL,"LAMPTEY","SMN0","TN","","","LMPT"
282,282,"P","CARMARTHEN","1969-01-27","JONATHAN","MARK",NULL,NULL,"HUGHES","JN0N","MRK","","","HKS"
283,283,"P","LIVERPOOL","1963-01-30","WILLIAM",NULL,NULL,NULL,"LAL","WLM","","","","LL"
284,284,"P","SHIPLEY","1974-01-18","DONNA","MICHELLE",NULL,NULL,"NEWTON","TN","MXL","","","NTN"
285,285,"P","GLASGOW","1956-01-26","IAN","CHARLES",NULL,NULL,"SHAKESPEARE","IN","KRLS","","","XKSP"
286,286,"P","YORK","1976-01-02","RICHARD","JAMES",NULL,NULL,"BARCLAY","RXRT","JMS","","","BRKL"
287,287,"P","CAMBERWELL","1932-01-10","BARBARA",NULL,NULL,NULL,"ALARE","BRBR","","","","ALR"
288,288,"P","HARROGATE","1954-01-10","RAYMOND","PAUL",NULL,NULL,"JENKINS","RMNT","PL","","","JNKN"
289,289,"P","BRIDGEND","1959-01-07","LEIGHTON","ROY",NULL,NULL,"ECTOR","LTN","R","","","EKTR"
290,290,"P",NULL,"1944-01-02","GIDEON",NULL,NULL,NULL,"MCDOUGALL","JTN","","","","MKTK"
291,291,"P","BOURNEMOUTH","1946-01-20","BRIAN","ANTHONY",NULL,NULL,"SUMMERS","BRN","AN0N","","","SMRS"
292,292,"P","LEICESTER","1974-01-05","CHRISTOPHER","ANDREW",NULL,NULL,"WELSH","XRST","ANTR","","","WLX"
293,293,"P","BRADFORD","1955-01-25","TERRANCE",NULL,NULL,NULL,"WALTON","TRNS","","","","WLTN"
294,294,"P","HAUGHTON","1926-01-02","DORIS",NULL,NULL,NULL,"OGUNDARE","TRS","","","","OKNT"
295,295,"P","BELPER DERBYS","1945-01-30","RICHARD","MELVIN",NULL,NULL,"BARRIGAN","RXRT","MLFN","","","BRKN"
296,296,"P","BIRMINGHAM","1954-01-21","JEFFREY","PAUL",NULL,NULL,"BRIERLEY","JFR","PL","","","BRRL"
297,297,"P","GHANA","1952-01-22","ERNEST","KOFI",NULL,NULL,"ABBOTT","ERNS","KF","","","ABT"
298,298,"P","HONG KONG","1932-01-26","NGAN",NULL,NULL,NULL,"DAVIES","NKN","","","","TFS"
299,299,"P","JAMAICA","1964-01-03","JENNIFER","JACKIE",NULL,NULL,"SMITH","JNFR","JK","","","SM0"
300,300,"P","PLAISTOW","1966-01-07","RAYMOND","JOHN",NULL,NULL,"BALDWIN","RMNT","JN","","","BLTW"
301,301,"P","NEW HOUGHTON","1964-01-29","ROY",NULL,NULL,NULL,"BELL","R","","","","BL"
302,302,"P","INDIA","1949-01-08","TARLOCHAN","SINGH",NULL,NULL,"XUEREB","TRLX","SN","","","SRB"
303,303,"P","WEDNESBURY","1940-01-28","ALBERT","JAMES",NULL,NULL,"SHORT","ALBR","JMS","","","XRT"
304,304,"P","SOUTHAMPTON","1945-01-16","MICHAEL","JOHN",NULL,NULL,"WERRETT","MXL","JN","","","WRT"
305,305,"P","LEEDS","1928-01-17","EDWARD",NULL,NULL,NULL,"RICHARDS","ETWR","","","","RXRT"
306,306,"P","BRISTOL","1972-01-03","PATRICK","MARTYN",NULL,NULL,"TIERNEY","PTRK","MRTN","","","TRN"
307,307,"P","LARACHE, MOROCCO","1934-01-16","MOHANNED","AHMED",NULL,NULL,"MORGAN","MHNT","AMT","","","MRKN"
308,308,"P","CEYLON","1954-01-28","SWEENI",NULL,NULL,NULL,"AUCOULON","SWN","","","","AKLN"
309,309,"P","WAKEFIELD","1968-01-18","FAROOK",NULL,NULL,NULL,"WILLIAMSON","FRK","","","","WLMS"
310,310,"P","ST ASAPH","1960-01-21","DAVID","PHILIP",NULL,NULL,"BACON","TFT","FLP","","","BKN"
311,311,"P","SWANSEA","1957-01-02","STEPHEN","PAUL",NULL,NULL,"RUSSON","STFN","PL","","","RSN"
312,312,"P","REDCAR","1948-01-08","DENNIS","MORGAN",NULL,NULL,"HOLT","TNS","MRKN","","","HLT"
313,313,"P","BIRMINGHAM","1958-01-31","MARGARET","TERESA","CHRISTINE",NULL,"HARDWICK","MRKR","TRS","XRST","","HRTW"
314,314,"P","MIDDLESBRO","1959-01-28","MICHAEL",NULL,NULL,NULL,"TURNER","MXL","","","","TRNR"
315,315,"P","BAWTRY","1969-01-04","MELANIE","JANE",NULL,NULL,"WILLIAMS","MLN","JN","","","WLMS"
316,316,"P","NUNEATON","1964-01-10","JAMES","ROBERT",NULL,NULL,"DIX","JMS","RBRT","","","TKS"
317,317,"P","LIVERPOOL","1949-01-13","CAROL",NULL,NULL,NULL,"AYRES","KRL","","","","ARS"
318,318,"P","DARLASTON","1951-01-17","JENNIFER","ANN",NULL,NULL,"MELIA","JNFR","AN","","","ML"
319,319,"P","STOCKTON","1960-01-09","PAUL",NULL,NULL,NULL,"OAKLEY","PL","","","","OKL"
320,320,"P","VIENNA","1956-01-16","VERONICA",NULL,NULL,NULL,"CUMING","FRNK","","","","KMNK"
321,321,"P","STEPNEY LDN","1967-01-14","JOHN","STEPHEN",NULL,NULL,"MCGRATH","JN","STFN","","","MKKR"
322,322,"P","PAISLEY","1976-01-16","ANTHONY",NULL,NULL,NULL,"MILLS","AN0N","","","","MLS"
323,323,"P","STOCKTON","1958-01-06","KEITH","ANDREW","CHRISTOPHER",NULL,"PENGLASE","K0","ANTR","XRST","","PNKL"
324,324,"P","KINGSTON UPON THAMES","1948-01-23","PATRICK","JOHN",NULL,NULL,"MITSON","PTRK","JN","","","MTSN"
325,325,"P","PARIS","1950-01-26","PATRICK","DANIEL",NULL,NULL,"BLACKSHAW","PTRK","TNL","","","BLKX"
326,326,"P","HINCKLEY","1961-01-29","CRAIG","BRIAN",NULL,NULL,"REEDER","KRK","BRN","","","RTR"
327,327,"P","BOLTON","1950-01-24","ROBERT",NULL,NULL,NULL,"STARK","RBRT","","","","STRK"
328,328,"P","PRESTON","1975-01-19","MARK","ROBERT",NULL,NULL,"LOUARRADI","MRK","RBRT","","","LRT"
329,329,"P","CO CAVERN","1951-01-21","TERRENCE",NULL,NULL,NULL,"HILL","TRNS","","","","HL"
330,330,"P","BEVERLEY","1969-01-11","IAN","RICHARD",NULL,NULL,"BARKER","IN","RXRT","","","BRKR"
331,331,"P","SWINDON","1968-01-23","TRACY","JANE",NULL,NULL,"MCCONNELL","TRS","JN","","","MKKN"
332,332,"P","KELTY","1959-01-14","CAROL","JESSICA","REID",NULL,"TANGI","KRL","JSK","RT","","TNJ"
333,333,"P","MANCHESTER","1974-01-20","GREGG",NULL,NULL,NULL,"BEST","KRK","","","","BST"
334,334,"P","JAMAICA","1928-01-29","LESLIE","RUPERT",NULL,NULL,"WILSON","LSL","RPRT","","","WLSN"
335,335,"P","BROMLEY","1960-01-16","TIMOTHY","JOHN",NULL,NULL,"CARBERRY","TM0","JN","","","KRBR"
336,336,"P","LEEDS","1925-01-31","HARRY",NULL,NULL,NULL,"BRIDGEN","HR","","","","BRJN"
337,337,"P","BARBADOS","1937-01-05","PEARL","AGATHA","AMANDA",NULL,"YOUNG","PRL","AK0","AMNT","","YNK"
338,338,"P","ROCHDALE","1969-01-13","HELEN",NULL,NULL,NULL,"DIXON","HLN","","","","TKSN"
339,339,"P","GLASGOW","1947-01-22","WILLIAM",NULL,NULL,NULL,"CALLADINE","WLM","","","","KLTN"
340,340,"P","GATESHEAD","1965-01-08","JOHN",NULL,NULL,NULL,"BESTWICK","JN","","","","BSTW"
341,341,"P","ROXWELL","1937-01-21","ROBERT","BRUCE",NULL,NULL,"RAFFERTY","RBRT","BRS","","","RFRT"
342,342,"P","LOUGHBOROUGH","1963-01-13","MARTIN","PHILIP",NULL,NULL,"DONOGHUE","MRTN","FLP","","","TNK"
343,343,"P","LONDON","1921-01-26","THOMAS",NULL,NULL,NULL,"GRIFFITHS","0MS","","","","KRF0"
344,344,"P","ABERDEEN","1968-01-13","RONALD","MATHIESON",NULL,NULL,"DOUGLAS","RNLT","M0SN","","","TKLS"
345,345,"P","LIVERPOOL","1933-01-11","WILLIAM","RONALD",NULL,NULL,"MARRON","WLM","RNLT","","","MRN"
346,346,"P","LITTLEBORO","1968-01-13","SAMANTHA","JANE",NULL,NULL,"MILES","SMN0","JN","","","MLS"
347,347,"P","HARPURHEY","1964-01-07","KEVIN","MICHAEL",NULL,NULL,"ANDERTON","KFN","MXL","","","ANTR"
348,348,"P","ST HELENS","1961-01-06","KEVIN",NULL,NULL,NULL,"LONG","KFN","","","","LNK"
349,349,"P","GILLINGHAM","1934-01-27","JOHN","BRIAN","YELTON",NULL,"ROBINSON","JN","BRN","YLTN","","RBNS"
350,350,"P","OXFORD","1954-01-23","DAVID","FRANCIS",NULL,NULL,"BEADSWORTH","TFT","FRNS","","","BTSW"
351,351,"P","GREAT HORWOD","1957-01-09","JOHN","PATRICK",NULL,NULL,"SMITH","JN","PTRK","","","SM0"
352,352,"P","WIGAN LANCS","1966-01-15","ANDREW",NULL,NULL,NULL,"HAMILTON","ANTR","","","","HMLT"
353,353,"P","LEICESTER","1974-01-21","ALAN","JOSEPH",NULL,NULL,"BUTTEN","ALN","JSF","","","BTN"
354,354,"P","RUGBY","1962-01-29","SHAUN",NULL,NULL,NULL,"RICHARDSON","XN","","","","RXRT"
355,355,"P","SHALBOURNE","1966-01-10","KARL","PETER",NULL,NULL,"HAYDEN","KRL","PTR","","","HTN"
356,356,"P","DUMFRIES","1942-01-14","ALEXANDER",NULL,NULL,NULL,"MCCARTNEY","ALKS","","","","MKKR"
357,357,"P","NORTHALLERTN","1959-01-02","DAVID","WILLIAM",NULL,NULL,"COXON","TFT","WLM","","","KKSN"
358,358,"P","BRADFORD","1951-01-14","DAVID",NULL,NULL,NULL,"COOKE","TFT","","","","KK"
359,359,"P","MANCHESTER","1955-01-13","NIGEL",NULL,NULL,NULL,"JONES","NJL","","","","JNS"
360,360,"P","LLANBRADACH","1963-01-09","STEPHEN","NOEL",NULL,NULL,"GUMBLEY","STFN","NL","","","KMBL"
361,361,"P","WINCHESTER","1940-01-19","ALAN","GRAHAM","RAYMOND",NULL,"MACINTYRE","ALN","KRHM","RMNT","","MSNT"
362,362,"P","BINCHESTER","1968-01-09","PAUL","ANDREW",NULL,NULL,"REWCASTLE","PL","ANTR","","","RKST"
363,363,"P","OLDHAM","1944-01-11","ELAINE",NULL,NULL,NULL,"CROOK","ELN","","","","KRK"
364,364,"P","SURREY","1963-01-14","PETER","CHARLES",NULL,NULL,"WALKER","PTR","KRLS","","","WLKR"
365,365,"P","BALHAM","1962-01-31","ANTHONY",NULL,NULL,NULL,"WARREN","AN0N","","","","WRN"
366,366,"P","HONG KONG","1927-01-05","LEE",NULL,NULL,NULL,"WARD","L","","","","WRT"
367,367,"P","BEVERLEY","1957-01-09","DAVID","HARRY",NULL,NULL,"WELCH","TFT","HR","","","WLX"
368,368,"P","W KILBRIDE","1935-01-19","JOHN",NULL,NULL,NULL,"GLEAVE","JN","","","","KLF"
369,369,"P","FALKIRK","1955-01-29","THOMAS","DRUMMOND",NULL,NULL,"JORDAN","0MS","TRMN","","","JRTN"
370,370,"P","CO DONEGAL","1935-01-04","EDWARD",NULL,NULL,NULL,"LOVERIDGE","ETWR","","","","LFRJ"
371,371,"P","MANCHESTER","1972-01-01","NAOMI",NULL,NULL,NULL,"ILLINGWORTH","NM","","","","ILNK"
372,372,"P","BIRMINGHAM","1945-01-22","ROGER","GEORGE",NULL,NULL,"LAING","RJR","JRJ","","","LNK"
373,373,"P","MOTHERWELL","1946-01-24","THOMAS",NULL,NULL,NULL,"FORBES","0MS","","","","FRBS"
374,374,"P","SHOTTON COLLIERY","1946-01-21","MARY","JANE",NULL,NULL,"WOODGATE","MR","JN","","","WTKT"
375,375,"P","KENDAL","1974-01-12","BRENDA",NULL,NULL,NULL,"THOMPSON","BRNT","","","","0MPS"
376,376,"P","YORK","1931-01-25","HAMILTON","FORBES",NULL,NULL,"RABEY","HMLT","FRBS","","","RB"
377,377,"P","STANLEY","1956-01-05","KENNETH","MALCOLM",NULL,NULL,"DUNCAN","KN0","MLKL","","","TNKN"
378,378,"P","TAPLOW BERKS","1975-01-08","LOUISE","MARIE",NULL,NULL,"DOCKERTY","LS","MR","","","TKRT"
379,379,"P","COVENTRY","1962-01-26","KENNETH","JOHN",NULL,NULL,"LISH","KN0","JN","","","LX"
380,380,"P","HULL","1955-01-04","SUSAN","KATHRYN",NULL,NULL,"HUNT","SSN","K0RN","","","HNT"
381,381,"P","NOTTINGHAM","1958-01-19","FRANK",NULL,NULL,NULL,"HAMILTON","FRNK","","","","HMLT"
382,382,"P","WOLVERHAMPTN","1955-01-30","COLIN","JOHN",NULL,NULL,"GRINTER","KLN","JN","","","KRNT"
383,383,"P","NOTTINGHAM","1969-01-23","COLIN","RICHARD","DONALD",NULL,"ROBERTS","KLN","RXRT","TNLT","","RBRT"
384,384,"P","BATH AVON","1976-01-31","SHANE","LEE",NULL,NULL,"ANDREW","XN","L","","","ANTR"
385,385,"P","MANCHESTER","1956-01-21","GARY",NULL,NULL,NULL,"HUGHES","KR","","","","HKS"
386,386,"P","MANCHESTER","1966-01-18","LEWIS",NULL,NULL,NULL,"GRAY","LWS","","","","KR"
387,387,"P","MANCHESTER","1943-01-27","COLIN",NULL,NULL,NULL,"STANSBRIDGE","KLN","","","","STNS"
388,388,"P","PORTSMOUTH","1956-01-07","LESLEY","KAREN",NULL,NULL,"PILKINGTON","LSL","KRN","","","PLKN"
389,389,"P","BOURNEMOUTH","1955-01-06","PETER","JOHN",NULL,NULL,"MOODY","PTR","JN","","","MT"
390,390,"P","SCOTLAND","1946-01-27","JOHN",NULL,NULL,NULL,"SMITH","JN","","","","SM0"
391,391,"P","MOMBASA","1950-01-22","JANE","KATE",NULL,NULL,"FUSEDALE","JN","KT","","","FSTL"
392,392,"P","LONDON","1940-01-23","PAMELA","ANNE",NULL,NULL,"TWIST","PML","AN","","","TWST"
393,393,"P","BURTON-UPON-TRENT 21","1966-01-07","PAUL","THOMAS",NULL,NULL,"BETHEL","PL","0MS","","","B0L"
394,394,"P","MANSFIELD","1958-01-20","PETER","WILLIAM",NULL,NULL,"BEVAN","PTR","WLM","","","BFN"
395,395,"P","DONCASTER","1929-01-20","TREVOR","ARTHUR",NULL,NULL,"TOMPKINS","TRFR","AR0R","","","TMPK"
396,396,"P","EXETER DEVON","1957-01-17","DAVID","KENNETH",NULL,NULL,"HAY","TFT","KN0","","","H"
397,397,"P","CHESTER","1959-01-02","MICHAEL","PATRICK",NULL,NULL,"FINNEY","MXL","PTRK","","","FN"
398,398,"P","DALKEITH","1950-01-24","DAVID",NULL,NULL,NULL,"HILLS","TFT","","","","HLS"
399,399,"P","LONDON","1956-01-10","PIRLANTA",NULL,NULL,NULL,"ATKINSON","PRLN","","","","ATKN"
400,400,"P","ECCLES","1968-01-16","LEE","ANDREW","JAMES",NULL,"COOPER","L","ANTR","JMS","","KPR"
401,401,"P","NOTTINGHAM","1969-01-13","NIGEL","ELEAGER",NULL,NULL,"ALDERSON-LYONS","NJL","ELJR","","","ALTR"
402,402,"P","DERBY","1960-01-23","GARY","STEPHEN",NULL,NULL,"DICKINSON","KR","STFN","","","TKNS"
403,403,"P","HONG KONG","1960-01-08","DAVID","YUEN",NULL,NULL,"MCKINNON","TFT","YN","","","MKNN"
404,404,"P","NEWBURN","1926-01-13","JAMES",NULL,NULL,NULL,"THOROGOOD","JMS","","","","0RKT"
405,405,"P","BURTON/TRENT","1961-01-06","MARTIN","ANDREW",NULL,NULL,"BERNTSEN","MRTN","ANTR","","","BRNT"
406,406,"P","KENILWORTH","1968-01-25","JULIAN","CHARLES",NULL,NULL,"COOPER","JLN","KRLS","","","KPR"
407,407,"P","WALLASEY","1959-01-18","CHRISTOPHER","LAURENCE",NULL,NULL,"ASTELL","XRST","LRNS","","","ASTL"
408,408,"P","CAERAU","1952-01-24","JOHN",NULL,NULL,NULL,"HEMBLING","JN","","","","HMBL"
409,409,"P","DUBLIN","1935-01-09","ROBERT",NULL,NULL,NULL,"ABBEY","RBRT","","","","AB"
410,410,"P","BRADFORD","1970-01-30","JAIME","ROY",NULL,NULL,"HARDIE","JM","R","","","HRT"
411,411,"P","DERBY","1969-01-20","DENNIS","PAUL",NULL,NULL,"BURGESS","TNS","PL","","","BRJS"
412,412,"P","ROMFORD","1964-01-07","KEVIN","JOHN",NULL,NULL,"MANOKARAN","KFN","JN","","","MNKR"
413,413,"P","BROWNHILLS","1968-01-03","ANDREW","JAMES",NULL,NULL,"AITCHISON","ANTR","JMS","","","AXSN"
414,414,"P","LONGTON","1950-01-30","MICHAEL","JOHN",NULL,NULL,"LOWDEN","MXL","JN","","","LTN"
415,415,"P","LONDON","1967-01-08","SEAN","ROBERT",NULL,NULL,"FONG","SN","RBRT","","","FNK"
416,416,"P","HML HEMPSTED","1941-01-08","MICHAEL","FRANK",NULL,NULL,"HERBERT","MXL","FRNK","","","HRBR"
417,417,"P","WOOLWICH LDN","1968-01-20","FRANK","THOMAS",NULL,NULL,"LARKIN","FRNK","0MS","","","LRKN"
418,418,"P","GLASGOW","1939-01-25","ROBERT",NULL,NULL,NULL,"WALKOM","RBRT","","","","WLKM"
419,419,"P","BURTON/TRENT","1960-01-20","RICHARD",NULL,NULL,NULL,"DEAN","RXRT","","","","TN"
420,420,"P","EIRE","1955-01-06","PATRICK",NULL,NULL,NULL,"SMITH","PTRK","","","","SM0"
421,421,"P",NULL,"1949-01-09","JAMES",NULL,NULL,NULL,"WILLIAMS","JMS","","","","WLMS"
422,422,"P","WATFORD","1967-01-29","ERROL","FITZROY",NULL,NULL,"EVANS","ERL","FTSR","","","EFNS"
423,423,"P","HAYLING ISLE","1954-01-13","THOMAS","DANIEL","WILLIAM",NULL,"WILSON","0MS","TNL","WLM","","WLSN"
424,424,"P","GLOUCESTER","1959-01-09","GREGORY","CHARLES",NULL,NULL,"HOOK","KRKR","KRLS","","","HK"
425,425,"P","SRI LANKA","1951-01-21","KRISHNASAMY",NULL,NULL,NULL,"KITAURE","KRXN","","","","KTR"
426,426,"P","GLASGOW","1937-01-19","NEIL",NULL,NULL,NULL,"CHADBOURNE","NL","","","","KTBR"
427,427,"P","SHILLINGTON","1969-01-25","KEVIN","PAUL",NULL,NULL,"CLARKE","KFN","PL","","","KLRK"
428,428,"P","CLUN","1965-01-17","ROGER","JOHN",NULL,NULL,"MARSHALL","RJR","JN","","","MRXL"
429,429,"P",NULL,"1943-01-21","PETER","BASIL",NULL,NULL,"DAVIS","PTR","BSL","","","TFS"
430,430,"P","WILTS","1933-01-30","DENNIS","RONALD","CHARLES",NULL,"SMITH","TNS","RNLT","KRLS","","SM0"
431,431,"P","WOLVERHAMPTN","1970-01-05","PHILIP","ALAN",NULL,NULL,"WATT","FLP","ALN","","","WT"
432,432,"P","MIRFIELD","1958-01-08","JEANETTE",NULL,NULL,NULL,"BRETT","JNT","","","","BRT"
433,433,"P","PLYMOUTH","1920-01-10","JAMES","LEONARD",NULL,NULL,"SCOTTING","JMS","LNRT","","","SKTN"
434,434,"P","BLOXWICH","1965-01-25","ALAN","DAVID",NULL,NULL,"READ","ALN","TFT","","","RT"
435,435,"P","NEW ZEALAND","1949-01-25","IAN","ROBERT",NULL,NULL,"COLLINS","IN","RBRT","","","KLNS"
436,436,"P","FOREST GATE","1964-01-06","JOHN","PAUL",NULL,NULL,"RIDDY","JN","PL","","","RT"
437,437,"P","SHREWSBURY","1968-01-26","COLIN","ANDREW",NULL,NULL,"TUNBRIDGE","KLN","ANTR","","","TNBR"
438,438,"P","LEIGHTN BUZZ","1959-01-27","MARTYN",NULL,NULL,NULL,"TERRETT","MRTN","","","","TRT"
439,439,"P","MANCHESTER","1941-01-09","ERIC","EDMUND",NULL,NULL,"MCNULTY","ERK","ETMN","","","MKNL"
440,440,"P","INSCH","1948-01-25","GRANT",NULL,NULL,NULL,"HETHERINGTON","KRNT","","","","H0RN"
441,441,"P","SHEFFIELD","1966-01-08","JOHN","ROBERT",NULL,NULL,"HUNNAM","JN","RBRT","","","HNM"
442,442,"P","LONDON","1966-01-07","JOHN","JOSEPH",NULL,NULL,"FRIEND","JN","JSF","","","FRNT"
443,443,"P","BURTON/TRENT","1968-01-12","BRIAN","JOHN",NULL,NULL,"CUTTS","BRN","JN","","","KTS"
444,444,"P","LANARK","1951-01-23","JOHN",NULL,NULL,NULL,"MACPHERSON","JN","","","","MKFR"
445,445,"P","HAVERFDWEST","1957-01-14","MICHAEL","JOHN",NULL,NULL,"BUSS","MXL","JN","","","BS"
446,446,"P","DARLINGTON","1967-01-25","JOHN","STEWART",NULL,NULL,"BIRK","JN","STWR","","","BRK"
447,447,"P","HACKNEY, LONDON","1949-01-18","DANIEL","JOSEPH",NULL,NULL,"SMITHURST","TNL","JSF","","","SM0R"
448,448,"P","NEWCASTLE","1923-01-16","KENNETH",NULL,NULL,NULL,"RADLEY","KN0","","","","RTL"
449,449,"P","LEEDS","1960-01-05","PETER",NULL,NULL,NULL,"MUSCROFT","PTR","","","","MSKR"
450,450,"P","WOOLWICH","1932-01-13","VICTOR","WILLIAM",NULL,NULL,"DOWNER","FKTR","WLM","","","TNR"
451,451,"P","LEICESTER","1968-01-24","JOHN","JOSEPH",NULL,NULL,"BARTRIM","JN","JSF","","","BRTR"
452,452,"P","LEICESTER","1959-01-18","DAVID","ROBIN",NULL,NULL,"WILSON","TFT","RBN","","","WLSN"
453,453,"P","NEWCASTLE/TY","1958-01-30","PHILIP","JOHN",NULL,NULL,"MARCOVITCH","FLP","JN","","","MRKF"
454,454,"P","OXFORD","1965-01-16","SIMON","DEAN",NULL,NULL,"SHIMELLS","SMN","TN","","","XMLS"
455,455,"P","PECKHAM LDN","1965-01-01","RONALD",NULL,NULL,NULL,"EVANS","RNLT","","","","EFNS"
456,456,"P","PUNJAB INDIA","1961-01-22","BALBINDER","SINGH",NULL,NULL,"WHITEHOUSE","BLBN","SN","","","WTHS"
457,457,"P","N YORKSHIRE","1961-01-22","PETER","JOHN","PAUL",NULL,"LIDGEY","PTR","JN","PL","","LJ"
458,458,"P","BIGGAR","1934-01-03","ROBERT",NULL,NULL,NULL,"TURPIE","RBRT","","","","TRP"
459,459,"P","BLACKBURN","1932-01-17","BRIAN",NULL,NULL,NULL,"GREENE","BRN","","","","KRN"
460,460,"P","KENYA","1953-01-07","JANE","ELIZABETH",NULL,NULL,"JENKINS","JN","ELSB","","","JNKN"
461,461,"P","BIRMINGHAM","1959-01-29","LYNDA","ANN",NULL,NULL,"YASIN","LNT","AN","","","YSN"
462,462,"P","WELLINGBORO","1965-01-23","ANDREW","LEE",NULL,NULL,"PATON","ANTR","L","","","PTN"
463,463,"P","GLASGOW","1943-01-05","DAVID","SPENCE",NULL,NULL,"EVANS","TFT","SPNS","","","EFNS"
464,464,"P","S AMERICA","1958-01-01","DEBRA",NULL,NULL,NULL,"BORLEY","TBR","","","","BRL"
465,465,"P","YEOVIL","1971-01-20","ROBERT","WILLIAM",NULL,NULL,"CONREEN","RBRT","WLM","","","KNRN"
466,466,"P","CHORLEY","1955-01-16","PETER","THOMAS",NULL,NULL,"MORAN","PTR","0MS","","","MRN"
467,467,"P","DONCASTER","1964-01-02","VOLDIC",NULL,NULL,NULL,"SMITH","FLTK","","","","SM0"
468,468,"P","BEDFORD","1976-01-28","SIMON","JAMES",NULL,NULL,"GLASS","SMN","JMS","","","KLS"
469,469,"P","COVENTRY","1959-01-09","JOHN","BRENDON",NULL,NULL,"STANTON","JN","BRNT","","","STNT"
470,470,"P","WEST NORWOOD","1964-01-22","RUSSELL","COLIN",NULL,NULL,"STEALEY","RSL","KLN","","","STL"
471,471,"P","ABERDEEN","1954-01-19","ALAN","JOHN",NULL,NULL,"MYERS","ALN","JN","","","MYRS"
472,472,"P","DERBY","1958-01-15","GARY",NULL,NULL,NULL,"GARDNER","KR","","","","KRTN"
473,473,"P","COLUMBO","1935-01-04","BABA","RASHID",NULL,NULL,"DOWNS","BB","RXT","","","TNS"
474,474,"P",NULL,"1954-01-11","IAIN","MARTIN","MCDONALD",NULL,"BURROWS","IN","MRTN","MKTN","","BRS"
475,475,"P","CHESTERFIELD","1938-01-25","PETER","MALCOLM",NULL,NULL,"MELHUISH","PTR","MLKL","","","MLHX"
476,476,"P","EMSWORTH","1964-01-15","NEIL","RICHARD",NULL,NULL,"RIDLEY","NL","RXRT","","","RTL"
477,477,"P","CLEVEDON","1967-01-17","DAVID",NULL,NULL,NULL,"MCGURK","TFT","","","","MKKR"
478,478,"P","ST IVES","1968-01-31","DAVID",NULL,NULL,NULL,"COOKE","TFT","","","","KK"
479,479,"P","ISRAEL","1962-01-27","JACOB","DAVID",NULL,NULL,"COOK","JKB","TFT","","","KK"
480,480,"P","GLASGOW","1965-01-15","LILLIAN",NULL,NULL,NULL,"OAKLEY","LLN","","","","OKL"
481,481,"P","GLASGOW","1935-01-22","PETER","E","H",NULL,"WILLIAMS","PTR","E","H","","WLMS"
482,482,"P","HILLINGDON","1962-01-25","PHILIP","ANDREW",NULL,NULL,"STANNARD","FLP","ANTR","","","STNR"
483,483,"P","KENNINGTON","1956-01-23","LINDA","ANN",NULL,NULL,"SHERRY","LNT","AN","","","XR"
484,484,"P","NTHN IRELAND","1962-01-04","CHARLES",NULL,NULL,NULL,"WALSH","KRLS","","","","WLX"
485,485,"P","MANCHESTER","1960-01-27","GAIL","LESLEY",NULL,NULL,"KANALA","KL","LSL","","","KNL"
486,486,"P","MANCHESTER","1981-01-29","JOHN",NULL,NULL,NULL,"NICHOLS","JN","","","","NXLS"
487,487,"P","HEMEL HEMPST","1970-01-06","SCOTT","JAMES",NULL,NULL,"MINCHIN","SKT","JMS","","","MNXN"
488,488,"P","HEVER KENT","1946-01-28","JOHN",NULL,NULL,NULL,"ARMER","JN","","","","ARMR"
489,489,"P","BIRMINGHAM","1965-01-26","HOWARD","CHARLES",NULL,NULL,"TURNER","HWRT","KRLS","","","TRNR"
490,490,"P","WOLVERHMPTON","1963-01-15","GLENN","ANTHONY",NULL,NULL,"MURRAY","KLN","AN0N","","","MR"
491,491,"P","GLASGOW","1929-01-13","JAMES","SMITH",NULL,NULL,"HALPIN","JMS","SM0","","","HLPN"
492,492,"P","LONDON","1972-01-03","STEVEN","GREGORY",NULL,NULL,"WATTS","STFN","KRKR","","","WTS"
493,493,"P","BATH","1976-01-18","LIAM","JAMES",NULL,NULL,"LAING","LM","JMS","","","LNK"
494,494,"P",NULL,"1966-01-22","GREGORY",NULL,NULL,NULL,"GAYLE","KRKR","","","","KL"
495,495,"P","LLANDUDNO","1941-01-18","JOHN","HENRY",NULL,NULL,"MOWAT","JN","HNR","","","MWT"
496,496,"P","HACKNEY LDN","1965-01-18","JOHN","RICHARD",NULL,NULL,"BROWNE","JN","RXRT","","","BRN"
497,497,"P","HULL","1958-01-26","KIM",NULL,NULL,NULL,"DEAKIN","KM","","","","TKN"
498,498,"P","WIGAN","1941-01-02","NORMAN","FRANCIS",NULL,NULL,"MCGEE","NRMN","FRNS","","","MKJ"
499,499,"P","MADRAS INDIA","1942-01-19","BATTA",NULL,NULL,NULL,"BURDETT","BT","","","","BRTT"
500,500,"P","BIRMINGHAM","1966-01-31","CRAIG","PAUL",NULL,NULL,"SWANSON","KRK","PL","","","SWNS"
501,501,"P","ILKESTON","1975-01-22","RICHARD",NULL,NULL,NULL,"LETHAM","RXRT","","","","L0M"
502,502,"P","TIBSHELF","1943-01-11","MALCOLM","DAVID",NULL,NULL,"MIDDLETON","MLKL","TFT","","","MTLT"
503,503,"P","UK",NULL,"DANNY",NULL,NULL,NULL,"GAIRNS","TN","","","","KRNS"
504,504,"P","SHOREDITCH","1925-01-04","ARTHUR","ALFRED",NULL,NULL,"BAGGA","AR0R","ALFR","","","BK"
505,505,"P","NEWPORT","1973-01-31","DAVID","MARK",NULL,NULL,"HOPKINS","TFT","MRK","","","HPKN"
506,506,"P","LIVERPOOL","1968-01-18","BRETT","ALAN",NULL,NULL,"CLARKE","BRT","ALN","","","KLRK"
507,507,"P","DONCASTER","1967-01-30","WAYNE",NULL,NULL,NULL,"FOOTS","WN","","","","FTS"
508,508,"P","SWANSEA","1942-01-14","EDWARD","NICHOLAS",NULL,NULL,"IRELAND","ETWR","NXLS","","","IRLN"
509,509,"P","PAKISTAN","1955-01-16","MOHAMMED",NULL,NULL,NULL,"WRIGHT","MHMT","","","","RT"
510,510,"P","W GERMANY",NULL,"UDO",NULL,NULL,NULL,"HILLBERG","UT","","","","HLBR"
511,511,"P","ALSTON","1923-01-01","LIONEL",NULL,NULL,NULL,"CREWS","LNL","","","","KRS"
512,512,"P","LONDON","1966-01-31","DONALD","JOSEPH",NULL,NULL,"WINSTANLEY","TNLT","JSF","","","WNST"
513,513,"P","LEWISHAM","1966-01-17","THERESA","ELAINE",NULL,NULL,"KAPO","0RS","ELN","","","KP"
514,514,"P","BIRMINGHAM","1951-01-22","RAYMOND",NULL,NULL,NULL,"DORAN","RMNT","","","","TRN"
515,515,"P","MIDDLESBROUGH","1982-01-03","EDWARD","JOHN","DAVID",NULL,"IMM","ETWR","JN","TFT","","IM"
516,516,"P","CAISTER","1973-01-18","DARREN","CHRISTOPHER",NULL,NULL,"DAVISON","TRN","XRST","","","TFSN"
517,517,"P","HAMPTON",NULL,"EDWARD","ALAN",NULL,NULL,"WEAVER","ETWR","ALN","","","WFR"
518,518,"P","GLASGOW","1955-01-11","JOHN","MUNRO",NULL,NULL,"POTTS","JN","MNR","","","PTS"
519,519,"P","PLYMOUTH","1931-01-06","ALBERT",NULL,NULL,NULL,"D'ORLEANS","ALBR","","","","TRLN"
520,520,"P","LIVERPOOL","1956-01-24","RUTH",NULL,NULL,NULL,"SMITH","R0","","","","SM0"
521,521,"P","CO KILKENNY","1932-01-08","BERNADETTE","ELIZABETH",NULL,NULL,"BOWN","BRNT","ELSB","","","BN"
522,522,"P","MANSFIELD","1967-01-09","PAUL",NULL,NULL,NULL,"MORRIS","PL","","","","MRS"
523,523,"P","PAISLEY","1937-01-03","JAMES",NULL,NULL,NULL,"BATER","JMS","","","","BTR"
524,524,"P","CASTOR","1952-01-02","BRIAN","STEVEN",NULL,NULL,"DAVEY","BRN","STFN","","","TF"
525,525,"P",NULL,"1938-01-30","MICHAEL",NULL,NULL,NULL,"MCCARTHY","MXL","","","","MKKR"
526,526,"P","LEEDS","1968-01-03","PAUL",NULL,NULL,NULL,"SUTTON","PL","","","","STN"
527,527,"P","GLASGOW","1931-01-29","ALEXANDER",NULL,NULL,NULL,"DAWSON","ALKS","","","","TSN"
528,528,"P","CREWE","1925-01-02","ERNEST",NULL,NULL,NULL,"CHAMBERS","ERNS","","","","KMBR"
529,529,"P","PORTSMOUTH","1965-01-20","DAVID","HAMILTON",NULL,NULL,"HOLDEN","TFT","HMLT","","","HLTN"
530,530,"P","WALKDEN","1964-01-30","STEPHEN",NULL,NULL,NULL,"AMIOUNI","STFN","","","","AMN"
531,531,"P","STANRAER","1945-01-25","EDWARD","MATERNAGHAN",NULL,NULL,"BOYLE","ETWR","MTRN","","","BL"
532,532,"P","LONDON","1961-01-11","ARTHUR","HENRY",NULL,NULL,"CLARK","AR0R","HNR","","","KLRK"
533,533,"P","KIDDERMINSTE","1957-01-11","KEVIN","JOHN",NULL,NULL,"RAYBOULD","KFN","JN","","","RBLT"
534,534,"P","PAKISTAN","1957-01-02","AISHA",NULL,NULL,NULL,"ROBERTS","AX","","","","RBRT"
535,535,"P","WELWYN/CITY","1972-01-19","SPENCER","JAMES",NULL,NULL,"JUDSON","SPNS","JMS","","","JTSN"
536,536,"P","SUTTON SY","1959-01-22","MARTIN",NULL,NULL,NULL,"LEONARD","MRTN","","","","LNRT"
537,537,"P","DONEGAL","1946-01-11","DANIEL","GEARRAD",NULL,NULL,"FREEMAN","TNL","JRT","","","FRMN"
538,538,"P","WEST HAM","1966-01-27","ROBERT","ERIC","GEORGE",NULL,"BIGLEY","RBRT","ERK","JRJ","","BKL"
539,539,"P","NORWICH","1967-01-09","KEVIN","PAUL",NULL,NULL,"STANLEY","KFN","PL","","","STNL"
540,540,"P","MANSFIELD","1949-01-13","BARRIE",NULL,NULL,NULL,"WORMALD","BR","","","","WRML"
541,541,"P","FOREST GATE","1969-01-17","YVONNE",NULL,NULL,NULL,"ZAIDI","FN","","","","ST"
542,542,"P","SWINDON","1974-01-30","GLEN","KEVIN",NULL,NULL,"QUINN","KLN","KFN","","","KN"
543,543,"P","LITTLEHAMPTO","1930-01-17","LOUIS","ALBION",NULL,NULL,"HARRISON","LS","ALBN","","","HRSN"
544,544,"P","STOCKTON","1958-01-03","PETER","VIVIAN",NULL,NULL,"GOWERS","PTR","FFN","","","KWRS"
545,545,"P","MANCHESTER","1935-01-28","HENRY","VINCENT",NULL,NULL,"LANGSTON","HNR","FNSN","","","LNKS"
546,546,"P","BRISTOL","1943-01-05","JOAN","DOROTHY",NULL,NULL,"BREAKS","JN","TR0","","","BRKS"
547,547,"P","SUNDERLAND","1935-01-13","EDWARD",NULL,NULL,NULL,"CAMPBELL","ETWR","","","","KMPB"
548,548,"P","BOLTON","1952-01-01","JOHN","MICHAEL",NULL,NULL,"KELLY","JN","MXL","","","KL"
549,549,"P","LONDON","1976-01-10","DORIAN","JON",NULL,NULL,"TOWLER","TRN","JN","","","TLR"
550,550,"P","PADDINGTON","1961-01-02","SHIRALEE",NULL,NULL,NULL,"HARLEY","XRL","","","","HRL"
551,551,"P","HITCHIN","1960-01-23","ALLISON","JANE",NULL,NULL,"PRICE","ALSN","JN","","","PRS"
552,552,"P","STOCKTON","1970-01-28","JASON","DOMINIC",NULL,NULL,"FENN","JSN","TMNK","","","FN"
553,553,"P","IRELAND","1934-01-12","PATRICK",NULL,NULL,NULL,"CUNNINGHAM","PTRK","","","","KNNK"
554,554,"P","LINCOLN","1955-01-27","SYLVIA","JANE",NULL,NULL,"RANGER","SLF","JN","","","RNJR"
555,555,"P",NULL,"1968-01-11","PAUL","JARED",NULL,NULL,"CHADWICK","PL","JRT","","","KTWK"
556,556,"P","OLDHAM","1966-01-13","VINCENT",NULL,NULL,NULL,"BOUND","FNSN","","","","BNT"
557,557,"P","CLYDEBANK","1931-01-05","RODERICK",NULL,NULL,NULL,"JEFFREY","RTRK","","","","JFR"
558,558,"P","WISBECH","1938-01-11","DANIEL","PATRICK",NULL,NULL,"GRANT","TNL","PTRK","","","KRNT"
559,559,"P","LIVERPOOL","1953-01-01","ANTHONY","PAUL",NULL,NULL,"BAMFORD","AN0N","PL","","","BMFR"
560,560,"P","GLOUCESTER","1966-01-05","STEVE",NULL,NULL,NULL,"WIDDUP","STF","","","","WTP"
561,561,"P","WILLESDEN","1939-01-23","BRIAN","ANTHONY",NULL,NULL,"MCVEY","BRN","AN0N","","","MKF"
562,562,"P","ST.ASAPH","1967-01-10","RICHARD","GUY",NULL,NULL,"GOULDEN","RXRT","K","","","KLTN"
563,563,"P","LONDON","1961-01-10","STEPHEN","PAUL",NULL,NULL,"WEBB","STFN","PL","","","WB"
564,564,"P","BRISTOL","1973-01-04","MATTHEW","CHARLES",NULL,NULL,"BODEN","MT","KRLS","","","BTN"
565,565,"P","LONDON","1957-01-26","JOHN",NULL,NULL,NULL,"LOFFLER","JN","","","","LFLR"
566,566,"P","ROMFORD","1950-01-03","JOHN","MICHAEL",NULL,NULL,"RAVENHILL","JN","MXL","","","RFNH"
567,567,"P","GUISBOROUGH","1956-01-18","BRIAN",NULL,NULL,NULL,"BOTTOM","BRN","","","","BTM"
568,568,"P","CASTLEFORD","1932-01-01","ROBERT",NULL,NULL,NULL,"KERVIN","RBRT","","","","KRFN"
569,569,"P","WATFORD","1964-01-03","ANTHONEY","ARTHUR",NULL,NULL,"DRIVER","AN0N","AR0R","","","TRFR"
570,570,"P","HAMPTON COURT","1949-01-02","ALAN",NULL,NULL,NULL,"ELLIS","ALN","","","","ELS"
571,571,"P","LIVERPOOL","1934-01-09","JOHN","JOSEPH",NULL,NULL,"LEWIS","JN","JSF","","","LWS"
572,572,"P","BIRMINGHAM","1961-01-18","ADRIAN","GARETH",NULL,NULL,"KEAN","ATRN","KR0","","","KN"
573,573,"P","MERTHYR TYDFIL","1961-01-12","JONATHAN","DAVID",NULL,NULL,"LANG","JN0N","TFT","","","LNK"
574,574,"P","YORK","1942-01-28","EDWARD","ALEXANDER",NULL,NULL,"HOPE","ETWR","ALKS","","","HP"
575,575,"P","MANCHESTER","1943-01-24","RAYMOND",NULL,NULL,NULL,"HUGHES","RMNT","","","","HKS"
576,576,"P","GRIMSBY","1962-01-24","ROY","DAVID",NULL,NULL,"BURKE","R","TFT","","","BRK"
577,577,"P","CLEETHORPES","1962-01-16","MARTIN",NULL,NULL,NULL,"CONNEELY","MRTN","","","","KNL"
578,578,"P","MORPETH","1958-01-18","JOHN","HOWARD",NULL,NULL,"WILLIS","JN","HWRT","","","WLS"
579,579,"P","LONDON","1964-01-20","LIONEL","KINGSLEY",NULL,NULL,"BOLTON","LNL","KNKS","","","BLTN"
580,580,"P","PONTEFRACT","1969-01-03","JOHN","EDWARD",NULL,NULL,"ROYLE","JN","ETWR","","","RL"
581,581,"P","MANCHESTER","1941-01-24","MICHAEL",NULL,NULL,NULL,"MCSHANE","MXL","","","","MKXN"
582,582,"P","STOCKPORT","1965-01-09","STUART","THOMAS",NULL,NULL,"BENNETT","STRT","0MS","","","BNT"
583,583,"P","EDMONTON","1965-01-06","MARK","ALFONSO",NULL,NULL,"CLARKE","MRK","ALFN","","","KLRK"
584,584,"P","SINGAPORE","1942-01-08","LIM",NULL,NULL,NULL,"RASIHT","LM","","","","RST"
585,585,"P","WARRINGTON","1975-01-31","CHRISTOPHER",NULL,NULL,NULL,"LOWE","XRST","","","","LW"
586,586,"P","HAMPTON CT","1961-01-21","STEPHEN","DAVID",NULL,NULL,"COULTATE","STFN","TFT","","","KLTT"
587,587,"P","STAKEFORD","1944-01-18","JAMES",NULL,NULL,NULL,"HOWEY","JMS","","","","HW"
588,588,"P","SRI LANKA","1955-01-18","JEYA",NULL,NULL,NULL,"LEWIS","JY","","","","LWS"
589,589,"P","BIRMINGHAM","1965-01-29","MARK","ANDREW",NULL,NULL,"JACOB","MRK","ANTR","","","JKB"
590,590,"P","MIDDLESBRO","1936-01-16","WALTER",NULL,NULL,NULL,"WIGNALL","WLTR","","","","WNL"
591,591,"P","ABERDEEN","1946-01-13","ROBERT","REID",NULL,NULL,"WATERS","RBRT","RT","","","WTRS"
592,592,"P","CYPRUS","1939-01-06","HASAN",NULL,NULL,NULL,"BARTON","HSN","","","","BRTN"
593,593,"P","PRESTON","1937-01-30","RICHARD",NULL,NULL,NULL,"WILLIAMS","RXRT","","","","WLMS"
594,594,"P","TAMWORTH","1966-01-29","CLIVE","ALAN",NULL,NULL,"HODKINSON","KLF","ALN","","","HTKN"
595,595,"P","MANSFIELD","1931-01-21","NEVILLE","NEALE",NULL,NULL,"LAW","NFL","NL","","","L"
596,596,"P","CHORLEY","1966-01-22","IAN","JAMES",NULL,NULL,"BORRILL","IN","JMS","","","BRL"
597,597,"P","MANCHESTER","1960-01-20","JAMES","ANDREW",NULL,NULL,"GREY","JMS","ANTR","","","KR"
598,598,"P","GLASGOW","1959-01-18","JAMES",NULL,NULL,NULL,"THOMPSON","JMS","","","","0MPS"
599,599,"P","BARROW FURNE","1967-01-05","SHARRON",NULL,NULL,NULL,"ROBERTS","XRN","","","","RBRT"
600,600,"P","MANCHESTER","1939-01-17","IAN","ROBERT",NULL,NULL,"MORETON","IN","RBRT","","","MRTN"
601,601,"P","BRIGHTON","1944-01-17","MICHAEL","ERNEST","EDWARD",NULL,"THORNE","MXL","ERNS","ETWR","","0RN"
602,602,"P","MANCHESTER","1958-01-31","GARY","GEORGE",NULL,NULL,"MCADAM","KR","JRJ","","","MKTM"
603,603,"P","SHREWSBURY","1950-01-18","ROBERT",NULL,NULL,NULL,"WOODHOUSE","RBRT","","","","WTHS"
604,604,"P","CORRINGHAM","1961-01-08","BRYAN","RICHARD",NULL,NULL,"HUMM","BRYN","RXRT","","","HM"
605,605,"P","EDGWARE","1953-01-14","CHRISTOPHER","STEPHEN",NULL,NULL,"PAULSON","XRST","STFN","","","PLSN"
606,606,"P","CARDIFF","1975-01-01","ANTHONY","JAMES",NULL,NULL,"AUSTIN","AN0N","JMS","","","ASTN"
607,607,"P","TOOTING","1957-01-05","TERENCE","LEE",NULL,NULL,"SCOTT","TRNS","L","","","SKT"
608,608,"P","HANOVER W GERMANY","1966-01-01","TREVOR","CHARLES",NULL,NULL,"GREENRIDGE","TRFR","KRLS","","","KRNR"
609,609,"P","LEEDS","1953-01-30","PETER","HARVEY",NULL,NULL,"GREEN","PTR","HRF","","","KRN"
610,610,"P","WOLVERHAMPTN","1967-01-26","SIMON",NULL,NULL,NULL,"HOUGHTON","SMN","","","","HTN"
611,611,"P","BLACKPOOL","1963-01-22","MARK","RAYS",NULL,NULL,"COOK","MRK","RS","","","KK"
612,612,"P","STOKE/TRENT","1949-01-28","ALEXANDER","MACDONALD",NULL,NULL,"BOTTOMLEY","ALKS","MKTN","","","BTML"
613,613,"P","GLASGOW","1970-01-02","WILLIAM",NULL,NULL,NULL,"MCLEOD","WLM","","","","MKLT"
614,614,"P","OLDHAM",NULL,"VERNON","SMITH",NULL,NULL,"WESTON","FRNN","SM0","","","WSTN"
615,615,"P","PONTYPOOL","1953-01-23","JOHN","EDWIN",NULL,NULL,"HORNCASTLE","JN","ETWN","","","HRNK"
616,616,"P","RYDE","1932-01-01","WILLIAM","ROY",NULL,NULL,"GIBBONS","WLM","R","","","JBNS"
617,617,"P","PONTEFRACT","1968-01-07","PAUL",NULL,NULL,NULL,"MORROW","PL","","","","MR"
618,618,"P","BROXBURN","1952-01-20","JOHN",NULL,NULL,NULL,"BEVAN","JN","","","","BFN"
619,619,"P","CO DURHAM","1947-01-22","RAYMOND",NULL,NULL,NULL,"JAMES","RMNT","","","","JMS"
620,620,"P","BARRY","1956-01-16","JEREMY","CHARLES",NULL,NULL,"MCNEE","JRM","KRLS","","","MKN"
621,621,"P","LONDON","1953-01-23","ANTHONY","LAUGHTON",NULL,NULL,"MCKIERNAN","AN0N","LTN","","","MKRN"
622,622,"P","IRAN","1941-01-26","SAMIAKA",NULL,NULL,NULL,"JOHNSON","SMK","","","","JNSN"
623,623,"P","YORK","1940-01-30","NORMAN","ALAN",NULL,NULL,"HIGGINS","NRMN","ALN","","","HKNS"
624,624,"P","EIRE","1958-01-24","BRENDAN",NULL,NULL,NULL,"MAXWELL-BRAHMS","BRNT","","","","MKSW"
625,625,"P","BIRMINGHAM","1969-01-27","KEVIN","JAMES",NULL,NULL,"HARRISON","KFN","JMS","","","HRSN"
626,626,"P","LEEDS","1959-01-24","MELVILLE",NULL,NULL,NULL,"WARD","MLFL","","","","WRT"
627,627,"P","LIVERPOOL","1970-01-22","KEITH",NULL,NULL,NULL,"LONEY","K0","","","","LN"
628,628,"P","GLASGOW","1934-01-12","DANIEL","HENDERSON",NULL,NULL,"TAYLOR","TNL","HNTR","","","TLR"
629,629,"P","GLASGOW","1974-01-17","CHARLES",NULL,NULL,NULL,"HILLS","KRLS","","","","HLS"
630,630,"P","STAINCLIFFE","1959-01-11","JOHN",NULL,NULL,NULL,"BOWIE","JN","","","","BW"
631,631,"P","HACKNEY","1952-01-30","DAVID","KEITH",NULL,NULL,"TAFT","TFT","K0","","","TFT"
632,632,"P","MOTHERWELL","1952-01-09","GERARD",NULL,NULL,NULL,"MCMANUS","JRRT","","","","MKMN"
633,633,"P","COVENTRY","1963-01-12","JOHN","PAUL",NULL,NULL,"YOUNG","JN","PL","","","YNK"
634,634,"P","MOTHERWELL","1963-01-18","THOMAS",NULL,NULL,NULL,"BARTLETT","0MS","","","","BRTL"
635,635,"P","BATH AVON","1971-01-26","SAMEER",NULL,NULL,NULL,"BURGESS","SMR","","","","BRJS"
636,636,"P","MANCHESTER","1930-01-21","DONALD",NULL,NULL,NULL,"SCHAMOTTA","TNLT","","","","SKMT"
637,637,"P","DONNINGTON","1955-01-24","JAMES","NIGEL",NULL,NULL,"STODDART","JMS","NJL","","","STTR"
638,638,"P","MANCHESTER","1949-01-13","ALAN","JAMES",NULL,NULL,"GOLDIE","ALN","JMS","","","KLT"
639,639,"P","STH AFRICA","1956-01-04","GAIL","ERICA",NULL,NULL,"HAMILTON","KL","ERK","","","HMLT"
640,640,"P","PLYMOUTH","1931-01-19","JOSEPH","CLIVE","WILLIAM",NULL,"BROWN","JSF","KLF","WLM","","BRN"
641,641,"P","CUMBERLAND","1927-01-08","WINIFRED",NULL,NULL,NULL,"BODZAK","WNFR","","","","BTSK"
642,642,"P","LIVERPOOL","1973-01-14","THERESA","MARIE",NULL,NULL,"LAWRENCE","0RS","MR","","","LRNS"
643,643,"P","ITALY","1938-01-20","GIACOMO",NULL,NULL,NULL,"JONES","JKM","","","","JNS"
644,644,"P","NOTTINGHAM","1957-01-06","STEPHEN","GEOFFREY",NULL,NULL,"DAVIES","STFN","JFR","","","TFS"
645,645,"P","PORTSMOUTH","1948-01-10","STEPHEN","CHARLES",NULL,NULL,"HOLLANDT","STFN","KRLS","","","HLNT"
646,646,"P","LLANELLY","1950-01-16","PHILIP","JOHN",NULL,NULL,"BISHOP","FLP","JN","","","BXP"
647,647,"P","LONDON","1960-01-30","MARGARET","ALISON",NULL,NULL,"DABESTANY","MRKR","ALSN","","","TBST"
648,648,"P","BRIDGEND","1961-01-29","DAFYDD","ELYN",NULL,NULL,"GREIG","TFT","ELN","","","KRK"
649,649,"P","GLASGOW","1960-01-13","IAIN","MARTIN",NULL,NULL,"DOCKRELL","IN","MRTN","","","TKRL"
650,650,"P","BOLTON","1955-01-23","STEFAN",NULL,NULL,NULL,"WHITTAKER","STFN","","","","WTKR"
651,651,"P","NIGERIA","1948-01-20","SAMUEL","FOLABI",NULL,NULL,"FISHER","SML","FLB","","","FXR"
652,652,"P",NULL,"1976-01-11","MELANIE",NULL,NULL,NULL,"HOLDEN","MLN","","","","HLTN"
653,653,"P","BIRMINGHAM","1964-01-02","PETER","ANDREW",NULL,NULL,"WIGHTMAN","PTR","ANTR","","","WTMN"
654,654,"P","LONDON","1960-01-09","ALY","VERE",NULL,NULL,"SUMMERS","AL","FR","","","SMRS"
655,655,"P","DULWICH","1977-01-21","MARK",NULL,NULL,NULL,"CHRISTIE","MRK","","","","XRST"
656,656,"P","EDMONTON LDN","1974-01-19","GLEN","TONY",NULL,NULL,"HALES","KLN","TN","","","HLS"
657,657,"P","BELLSHILL","1952-01-08","JOHN","SWAN",NULL,NULL,"JOHNSON","JN","SWN","","","JNSN"
658,658,"P","BRISTOL AVON","1973-01-27","STEVEN","RANDALL",NULL,NULL,"PRADES","STFN","RNTL","","","PRTS"
659,659,"P","HARTLEPOOL","1962-01-15","KEVIN",NULL,NULL,NULL,"HOWARTH","KFN","","","","HWR0"
660,660,"P","BATH","1966-01-12","SEAN",NULL,NULL,NULL,"HOLGETH","SN","","","","HLJ0"
661,661,"P","HARSTN LEICS","1946-01-27","ALAN","VINCENT",NULL,NULL,"ZANONI","ALN","FNSN","","","SNN"
662,662,"P","BOLTON","1960-01-20","MICHAEL",NULL,NULL,NULL,"TKACZ","MXL","","","","TKKS"
663,663,"P","MOTHERWELL","1956-01-04","WILLIAM",NULL,NULL,NULL,"COOPER","WLM","","","","KPR"
664,664,"P","SCOTLAND","1927-01-11","ALAN",NULL,NULL,NULL,"DEMPSTER","ALN","","","","TMPS"
665,665,"P","OXFORD","1963-01-07","DAVID","PAUL",NULL,NULL,"HAWKES","TFT","PL","","","HKS"
666,666,"P","BIRMINGHAM","1963-01-18","TREVOR","ANTHONY",NULL,NULL,"STORRIE","TRFR","AN0N","","","STR"
667,667,"P","W YORKSHIRE","1956-01-22","ALAN",NULL,NULL,NULL,"WILLIAMS","ALN","","","","WLMS"
668,668,"P","SOUTHPORT","1974-01-12","ROSLYN","SYLVIA",NULL,NULL,"HERON","RSLN","SLF","","","HRN"
669,669,"P","HALIFAX","1926-01-15","JACK",NULL,NULL,NULL,"PARROW","JK","","","","PR"
670,670,"P","BARNHOPE","1938-01-16","ALLAN",NULL,NULL,NULL,"SWEENY","ALN","","","","SWN"
671,671,"P","GOSPORT","1961-01-16","MICHAEL","RALPH",NULL,NULL,"COLLINS","MXL","RLF","","","KLNS"
672,672,"P","NEWCASTLE","1971-01-14","JOANNE","MARGARET",NULL,NULL,"HOLLAND","JN","MRKR","","","HLNT"
673,673,"P","GLASGOW","1968-01-31","JOHN",NULL,NULL,NULL,"THOMSON","JN","","","","0MSN"
674,674,"P","HUDDERSFIELD","1943-01-20","ANTHONY",NULL,NULL,NULL,"NICHOLLS","AN0N","","","","NXLS"
675,675,"P","HAYES MDDX","1939-01-01","JANET","MARY",NULL,NULL,"STEWART","JNT","MR","","","STWR"
676,676,"P","CO MEATH EIRE","1953-01-04","PATRICK","JOSEPH",NULL,NULL,"DICKIE","PTRK","JSF","","","TK"
677,677,"P","BELFAST","1969-01-28","DOMINIC","EDWARD",NULL,NULL,"FRYER","TMNK","ETWR","","","FRYR"
678,678,"P","HUNGARY","1932-01-27","JOHN","PAUL",NULL,NULL,"HUTCHINSON","JN","PL","","","HXNS"
679,679,"P","GERMANY","1950-01-22","NIGEL",NULL,NULL,NULL,"ZAND IRANI","NJL","","","","SNTR"
680,680,"P","CARDIFF","1944-01-22","RONALD","CHARLES",NULL,NULL,"KELLY","RNLT","KRLS","","","KL"
681,681,"P","LINCOLN","1970-01-22","KEVIN","GRAHAM",NULL,NULL,"LIZUAIN BLASCO","KFN","KRHM","","","LSNB"
682,682,"P","KENYA","1959-01-08","DEREK","EDWARD",NULL,NULL,"DA SILVA","TRK","ETWR","","","TSLF"
683,683,"P","WARRINGTON","1964-01-19","ELIZABETH","ANNE",NULL,NULL,"LAPHAM","ELSB","AN","","","LFM"
684,684,"P","NEWCASTLE/TY","1934-01-13","GEORGE",NULL,NULL,NULL,"STORER","JRJ","","","","STRR"
685,685,"P","RHODESIA","1951-01-28","NICHOLAS","MALCOLM",NULL,NULL,"STAPLES","NXLS","MLKL","","","STPL"
686,686,"P","COVENTRY","1934-01-29","DAVID",NULL,NULL,NULL,"CRUSHAM","TFT","","","","KRXM"
687,687,"P","BIRKENHEAD","1965-01-31","PAULINE","ELIZABETH",NULL,NULL,"YATES","PLN","ELSB","","","YTS"
688,688,"P","LONDON","1940-01-07","PAMELA","YVONNE",NULL,NULL,"FOSTER","PML","FN","","","FSTR"
689,689,"P","CHESHUNT HERTS","1973-01-31","DAVID","LEWIS","CHRISTOPHER",NULL,"HAMILTON","TFT","LWS","XRST","","HMLT"
690,690,"P","STROOD","1977-01-15","ROBERT","JOHN",NULL,NULL,"CARROLL","RBRT","JN","","","KRL"
691,691,"P","GLASGOW","1966-01-21","GERALD","PETER",NULL,NULL,"MIR","JRLT","PTR","","","MR"
692,692,"P","CARLISLE","1965-01-21","PAUL","GEORGE",NULL,NULL,"DODD","PL","JRJ","","","TT"
693,693,"P","STOURTON","1964-01-04","SHANE","PATRICK",NULL,NULL,"FRITH","XN","PTRK","","","FR0"
694,694,"P","ALLHALLOWS","1963-01-30","SHARRON","PEARL",NULL,NULL,"MCVAY","XRN","PRL","","","MKF"
695,695,"P","NOTTINGHAM","1967-01-21","STEPHEN",NULL,NULL,NULL,"SMALL","STFN","","","","SML"
696,696,"P","YSTRAD MYNAC","1928-01-01","WILLIAM","CHARLES",NULL,NULL,"NUTTALL","WLM","KRLS","","","NTL"
697,697,"P","NEWCASTLE","1959-01-10","MICHAEL","SAMUEL",NULL,NULL,"MARCELLA","MXL","SML","","","MRSL"
698,698,"P","KINGS LYNN","1972-01-23","MARK",NULL,NULL,NULL,"PARKER","MRK","","","","PRKR"
699,699,"P","LIVERPOOL","1945-01-07","WILLIAM",NULL,NULL,NULL,"TURNER","WLM","","","","TRNR"
700,700,"P","BIRMINGHAM","1966-01-23","STEVEN","MAURICE",NULL,NULL,"DUTHIE","STFN","MRS","","","T0"
701,701,"P","AMERICA","1955-01-27","PATRICA","JO",NULL,NULL,"DARLEY","PTRK","J","","","TRL"
702,702,"P","ASHFORD","1956-01-28","CAROL","ANNE",NULL,NULL,"WOODHOUSE","KRL","AN","","","WTHS"
703,703,"P","NEWPORT","1944-01-11","SANDRA","ROSEMARY",NULL,NULL,"HADDY","SNTR","RSMR","","","HT"
704,704,"P","BOLTON","1961-01-17","DAVID","MARTIN",NULL,NULL,"AVIS","TFT","MRTN","","","AFS"
705,705,"P","BRIDGEND","1956-01-16","STEPHEN",NULL,NULL,NULL,"WILSON","STFN","","","","WLSN"
706,706,"P","GLASGOW","1961-01-13","ROBERT","ALEXANDER","MURDO",NULL,"LOVERIDGE","RBRT","ALKS","MRT","","LFRJ"
707,707,"P","NIGERIA","1968-01-13","REGINA",NULL,NULL,NULL,"BHANJI","RJN","","","","BHNJ"
708,708,"P","LIBYA",NULL,"SAAD","MOHAMAD",NULL,NULL,"SAXENA","ST","MHMT","","","SKSN"
709,709,"P","BATH","1974-01-01","SARAH","JANE",NULL,NULL,"STEWART","SR","JN","","","STWR"
710,710,"P","IRVINE","1962-01-17","KENNETH",NULL,NULL,NULL,"STOWELL","KN0","","","","STWL"
711,711,"P",NULL,"1958-01-03","RONALD","GRAHAM",NULL,NULL,"LANG","RNLT","KRHM","","","LNK"
712,712,"P","AUSTRALIA","1964-01-07","CHRISTOPHER","PAUL",NULL,NULL,"HAGUE","XRST","PL","","","HK"
713,713,"P","LEEDS","1972-01-09","MARK",NULL,NULL,NULL,"MOHAMED","MRK","","","","MHMT"
714,714,"P","DARTFORD","1950-01-10","STEPHEN","JOHN",NULL,NULL,"NIXON","STFN","JN","","","NKSN"
715,715,"P","ACTON LONDON","1971-01-11","TERRY","STEPHEN",NULL,NULL,"JAMES","TR","STFN","","","JMS"
716,716,"P","ULEY","1970-01-04","LEE",NULL,NULL,NULL,"MCKAY","L","","","","MK"
717,717,"P","ST PANCRAS LONDON","1959-01-24","DOMINIC",NULL,NULL,NULL,"SONG","TMNK","","","","SNK"
718,718,"P","EDINBURGH","1975-01-03","JOHN","PAUL",NULL,NULL,"MAYHEW","JN","PL","","","MH"
719,719,"P","GLASGOW","1972-01-04","ALLAN","JAMES",NULL,NULL,"HOLGATE","ALN","JMS","","","HLKT"
720,720,"P","HAYWARDS HTH","1943-01-23","IAN","EDWARD",NULL,NULL,"BULL","IN","ETWR","","","BL"
721,721,"P","ABERDEEN","1957-01-23","DOMINIC",NULL,NULL,NULL,"ATHANASIS","TMNK","","","","A0NS"
722,722,"P","NOTTINGHAM","1969-01-09","CARL","GARY",NULL,NULL,"DOVE","KRL","KR","","","TF"
723,723,"P",NULL,"1940-01-20","GARTH","WILLIAM",NULL,NULL,"GOODE","KR0","WLM","","","KT"
724,724,"P","TIPPERARY","1930-01-25","JEREMIAH","FRANCIS",NULL,NULL,"ADAMS","JRM","FRNS","","","ATMS"
725,725,"P","BIRKENHEAD","1961-01-22","JACQUELINE","CHRISTINA",NULL,NULL,"WALSH","JKKL","XRST","","","WLX"
726,726,"P","LONDON","1960-01-10","FRANK",NULL,NULL,NULL,"HAJDAR","FRNK","","","","HJTR"
727,727,"P","ILKLEY","1957-01-28","GILLIAN","ELIZABETH",NULL,NULL,"ALI","JLN","ELSB","","","AL"
728,728,"P","KINGSBURY","1970-01-12","ZARINA",NULL,NULL,NULL,"KEANE","SRN","","","","KN"
729,729,"P","WAKEFIELD","1963-01-31","NIGEL",NULL,NULL,NULL,"YOUNG","NJL","","","","YNK"
730,730,"P","HULL","1966-01-24","ERIC",NULL,NULL,NULL,"GORDGE","ERK","","","","KRJ"
731,731,"P","CROYDON","1970-01-02","ANDREW","PETER",NULL,NULL,"HATCH","ANTR","PTR","","","HX"
732,732,"P","CHELSEA","1952-01-07","STEPHEN","HENRY",NULL,NULL,"CALLAGHAN","STFN","HNR","","","KLKN"
733,733,"P","GLASGOW","1929-01-31","ROBERT",NULL,NULL,NULL,"ASHCROFT","RBRT","","","","AXKR"
734,734,"P","NORTH SHIELDS","1979-01-18","KARL","ALEXANDER",NULL,NULL,"COX","KRL","ALKS","","","KKS"
735,735,"P","GLASGOW","1946-01-03","JANET",NULL,NULL,NULL,"FITZGERALD","JNT","","","","FTSJ"
736,736,"P","WALLASEY","1962-01-05","DAVID","JOHN",NULL,NULL,"ADAMS","TFT","JN","","","ATMS"
737,737,"P","SOUTH WALES","1957-01-02","THOMAS","MALLORY",NULL,NULL,"CLARK","0MS","MLR","","","KLRK"
738,738,"P","YORKS","1953-01-03","PAUL",NULL,NULL,NULL,"BRIDGE","PL","","","","BRJ"
739,739,"P","INVERNESS","1969-01-09","ALAN","THOMAS",NULL,NULL,"WALKER","ALN","0MS","","","WLKR"
740,740,"P","CARDIFF","1961-01-22","GARY","BERNARD",NULL,NULL,"WHITTINGTON","KR","BRNR","","","WTNK"
741,741,"P","SWITZERLAND","1970-01-24","PATRICIA",NULL,NULL,NULL,"LINDIE","PTRX","","","","LNT"
742,742,"P","LONDON","1969-01-24","MAURICE","RUPERT",NULL,NULL,"O'DEE","MRS","RPRT","","","OT"
743,743,"P","BANBURY","1954-01-10","BRYAN","JOHN",NULL,NULL,"LOWER","BRYN","JN","","","LWR"
744,744,"P","PAKISTAN","1970-01-07","SHAFQUAT",NULL,NULL,NULL,"RIELLY","XFKT","","","","RL"
745,745,"P","NORTH HANTS","1967-01-28","LANCE","MAURICE",NULL,NULL,"COLLINS","LNS","MRS","","","KLNS"
746,746,"P","MANCHESTER","1942-01-01","ROY",NULL,NULL,NULL,"MCGHEE","R","","","","MKK"
747,747,"P","CHATHAM","1932-01-19","ARTHUR","JOHN",NULL,NULL,"HOOK","AR0R","JN","","","HK"
748,748,"P","MADERIRA","1950-01-20","ASSIS","DE","JESUS",NULL,"DIFFER","ASS","T","JSS","","TFR"
749,749,"P","SOUTHBOROUGH","1948-01-16","TERRY",NULL,NULL,NULL,"JONES","TR","","","","JNS"
750,750,"P","LEAMINGTON","1963-01-07","RICHARD",NULL,NULL,NULL,"BARBER","RXRT","","","","BRBR"
751,751,"P","BANGLADESH","1972-01-16","ABDUL",NULL,NULL,NULL,"BOOTH","ABTL","","","","B0"
752,752,"P","MANCHESTER","1961-01-12","MICHAEL",NULL,NULL,NULL,"TKACZ","MXL","","","","TKKS"
753,753,"P","PAKISTAN","1974-01-22","MOHAMMED","RAFIQ",NULL,NULL,"RAE","MHMT","RFK","","","R"
754,754,"P","STOKE ON TRENT","1975-01-29","STEVEN","ALAN",NULL,NULL,"WRIGHT","STFN","ALN","","","RT"
755,755,"P","DERBY 30","1973-01-18","DALE","MORGAN",NULL,NULL,"ELLIS","TL","MRKN","","","ELS"
756,756,"P","GATESHEAD","1938-01-07","THOMAS",NULL,NULL,NULL,"MEHNERT","0MS","","","","MNRT"
757,757,"P","CLEETHORPES","1966-01-27","SHAUN",NULL,NULL,NULL,"STOPPERTON","XN","","","","STPR"
758,758,"P","HOWDEN","1943-01-08","JOHN",NULL,NULL,NULL,"DUCK","JN","","","","TK"
759,759,"P","PONTEFRACT","1969-01-10","NEIL",NULL,NULL,NULL,"BULLINGHAM","NL","","","","BLNK"
760,760,"P","ROTHERHAM","1960-01-23","PAUL",NULL,NULL,NULL,"BORLEY","PL","","","","BRL"
761,761,"P","DUBLIN","1935-01-18","EMILY",NULL,NULL,NULL,"SMITH","EML","","","","SM0"
762,762,"P","BISHOP AUCK","1969-01-02","PETER",NULL,NULL,NULL,"SMITH","PTR","","","","SM0"
763,763,"P","BELLSHILL","1976-01-20","STUART","JAMES",NULL,NULL,"BROOKES","STRT","JMS","","","BRKS"
764,764,"P","KIDBROOK","1953-01-09","STEPHEN","JOHN",NULL,NULL,"SMITH","STFN","JN","","","SM0"
765,765,"P","FULHAM LDN","1946-01-20","SANDRA","DOROTHY",NULL,NULL,"REYNOLDS","SNTR","TR0","","","RNLT"
766,766,"P","LIVERPOOL","1969-01-10","LEE","GORDON",NULL,NULL,"FORMSTON","L","KRTN","","","FRMS"
767,767,"P","SUTTON COLDFIELD","1977-01-01","DARREN",NULL,NULL,NULL,"KINLOCH","TRN","","","","KNLX"
768,768,"P","INDIA","1944-01-29","SNEH",NULL,NULL,NULL,"LABAN","SN","","","","LBN"
769,769,"P","PONTEFRACT","1974-01-13","SANDRA","SHARON",NULL,NULL,"JONES","SNTR","XRN","","","JNS"
770,770,"P","MANCHESTER","1952-01-20","CAROL","MARGARET",NULL,NULL,"JONES","KRL","MRKR","","","JNS"
771,771,"P","CROSSHOUSE","1963-01-17","ALEXANDER","MCCANDLESS",NULL,NULL,"TURNER","ALKS","MKKN","","","TRNR"
772,772,"P","PADDINGTON","1957-01-18","PAUL",NULL,NULL,NULL,"JONES","PL","","","","JNS"
773,773,"P","LEEDS","1961-01-09","CARL","ANDRE",NULL,NULL,"KHAN","KRL","ANTR","","","KHN"
774,774,"P","BROAD CLYST","1958-01-03","CHRISTOPHER","JOHN",NULL,NULL,"JOHNSTON","XRST","JN","","","JNST"
775,775,"P","BIRMINGHAM","1973-01-14","JEREMY","NIGEL",NULL,NULL,"TINSLEY","JRM","NJL","","","TNSL"
776,776,"P","MOUNTAIN ASH","1965-01-19","GERRY","ANDREW",NULL,NULL,"FERGUSON","JR","ANTR","","","FRKS"
777,777,"P","VALE/LEVEN","1948-01-06","JOHN",NULL,NULL,NULL,"BAKER","JN","","","","BKR"
778,778,"P",NULL,NULL,"EDWARD","WHITTAKE",NULL,NULL,"DRUMMOND","ETWR","WTK","","","TRMN"
779,779,"P","MEXBOROUGH","1971-01-05","COLIN",NULL,NULL,NULL,"VALJI","KLN","","","","FLJ"
780,780,"P","LOUTH","1967-01-25","NICHOLAS","SIMON",NULL,NULL,"CUTHBERT","NXLS","SMN","","","K0BR"
781,781,"P","OLDHAM LANCS","1957-01-09","NICHOLAS","DAVID","ALEXANDER",NULL,"GIBB","NXLS","TFT","ALKS","","JB"
782,782,"P","DORKING","1916-01-06","WILLIAM","CHARLES",NULL,NULL,"OSMAN","WLM","KRLS","","","OSMN"
783,783,"P","CLEVEDON","1957-01-01","TERRANCE","JOHN",NULL,NULL,"DEACON","TRNS","JN","","","TKN"
784,784,"P","CHESTER","1969-01-17","DAVID",NULL,NULL,NULL,"HARKUS","TFT","","","","HRKS"
785,785,"P","MANCHESTER","1958-01-26","JOHN","STANLEY",NULL,NULL,"COLLARD","JN","STNL","","","KLRT"
786,786,"P","MIDDLESTOWN","1933-01-28","BRIAN",NULL,NULL,NULL,"CORBIN","BRN","","","","KRBN"
787,787,"P","W PAKISTAN","1949-01-27","ZAHEER","UU-DAN",NULL,NULL,"ELLIS","SHR","UTN","","","ELS"
788,788,"P","LIVERPOOL","1959-01-08","MARK",NULL,NULL,NULL,"ALLDERSEA","MRK","","","","ALTR"
789,789,"P","ST ANDREWS","1970-01-17","DAVID","BRYMER",NULL,NULL,"EDWARDS","TFT","BRMR","","","ETWR"
790,790,"P","SOUTHAMPTON","1941-01-26","JOYCE","MARY",NULL,NULL,"ARKELL","JS","MR","","","ARKL"
791,791,"P","PERTH","1958-01-17","HARRY","JOSEPH",NULL,NULL,"PHILLIPSON","HR","JSF","","","FLPS"
792,792,"P","LANCASTER","1929-01-31","HENRY","THOMAS",NULL,NULL,"HUGHES","HNR","0MS","","","HKS"
793,793,"P","LIVERPOOL","1968-01-20","KAREN",NULL,NULL,NULL,"CRAWFORD","KRN","","","","KRFR"
794,794,"P","MANCHESTER","1975-01-21","JAMES",NULL,NULL,NULL,"MORAN","JMS","","","","MRN"
795,795,"P","MANCHESTER","1938-01-23","PETER",NULL,NULL,NULL,"HEYWOOD","PTR","","","","HWT"
796,796,"P","BIRKENHEAD","1927-01-12","JAMES","LAWRENCE",NULL,NULL,"THORNHILL","JMS","LRNS","","","0RNH"
797,797,"P","LIVERPOOL","1958-01-20","DAVID","STEPHEN",NULL,NULL,"CHIDGEY","TFT","STFN","","","KJ"
798,798,"P","BURTON/TRENT","1941-01-27","ANTHONY","RAYMOND",NULL,NULL,"MCWHINNIE","AN0N","RMNT","","","MKHN"
799,799,"P","WORKSOP","1972-01-14","LEE",NULL,NULL,NULL,"TYLER","L","","","","TLR"
800,800,"P","TAPLOW","1964-01-02","GREGORY",NULL,NULL,NULL,"CAYZER","KRKR","","","","KSR"
801,801,"P","LONDON","1960-01-21","VASOULLA",NULL,NULL,NULL,"BOYD","FSL","","","","BT"
802,802,"P","SCOTLAND","1951-01-05","MARGARET","MCFARLANE",NULL,NULL,"SAVEALL","MRKR","MKFR","","","SFL"
803,803,"P","LONDON","1966-01-04","GARY",NULL,NULL,NULL,"GORTON","KR","","","","KRTN"
804,804,"P","CIRENCESTER","1956-01-16","ANTONIO",NULL,NULL,NULL,"BOBER","ANTN","","","","BBR"
805,805,"P","NEATH","1957-01-17","RICHARD","JOHN",NULL,NULL,"SUMMERFIELD","RXRT","JN","","","SMRF"
806,806,"P","SWANSEA","1958-01-19","CAROL","EMILY",NULL,NULL,"TWEMLOW","KRL","EML","","","TWML"
807,807,"P","GLASGOW","1973-01-15","IAN",NULL,NULL,NULL,"KRIEK","IN","","","","KRK"
808,808,"P","LUDCHURCH","1953-01-09","WILLIAM","AUSLIN",NULL,NULL,"GAUHER","WLM","ASLN","","","KHR"
809,809,"P",NULL,"1973-01-28","JASON",NULL,NULL,NULL,"PICKNETT","JSN","","","","PKNT"
810,810,"P","NORWICH","1961-01-31","TIMOTHY","JOHN",NULL,NULL,"HORTON","TM0","JN","","","HRTN"
811,811,"P","BERLIN","1962-01-12","MARCIA","DALE",NULL,NULL,"GREY","MRX","TL","","","KR"
812,812,"P","BIRMINGHAM","1958-01-04","RAYMOND","DENNIS",NULL,NULL,"OBBARD","RMNT","TNS","","","OBRT"
813,813,"P",NULL,"1964-01-14","GARY",NULL,NULL,NULL,"THOMAS","KR","","","","0MS"
814,814,"P","BLACKROCK","1957-01-11","MARIAN","ANN",NULL,NULL,"MCBURNIE","MRN","AN","","","MKBR"
815,815,"P","BILLINGE","1974-01-20","JOANNE",NULL,NULL,NULL,"CHUGHTAI","JN","","","","KT"
816,816,"P","KINGSTON SY","1931-01-14","LEONARD",NULL,NULL,NULL,"CARTER","LNRT","","","","KRTR"
817,817,"P","HACKNEY LDN","1968-01-12","PHILIP",NULL,NULL,NULL,"GOUNDIS","FLP","","","","KNTS"
818,818,"P","BISHOP AUCK","1963-01-28","DAWN",NULL,NULL,NULL,"BURT","TN","","","","BRT"
819,819,"P","WORKSOP","1970-01-19","DARREN","VICTOR",NULL,NULL,"ROWAN","TRN","FKTR","","","RWN"
820,820,"P","NEWPORT GWNT","1955-01-27","SALLY","ANN",NULL,NULL,"WARREN","SL","AN","","","WRN"
821,821,"P","LONDON","1957-01-02","GILLIAN","ANNE",NULL,NULL,"BROOK","JLN","AN","","","BRK"
822,822,"P","NEWCASTLE","1954-01-07","PHILLIP","ADRIAN",NULL,NULL,"ELLIOT","FLP","ATRN","","","ELT"
823,823,"P","TAUNTON","1959-01-28","PHILLIP","JOHN",NULL,NULL,"NORMAN","FLP","JN","","","NRMN"
824,824,"P","OLDHAM LANCS","1971-01-13","MOHAMMED","QASIR",NULL,NULL,"MOORE","MHMT","KSR","","","MR"
825,825,"P","TENTERDEN","1956-01-26","PETER","ALFRED",NULL,NULL,"WARREN","PTR","ALFR","","","WRN"
826,826,"P","AYR","1956-01-06","KIM","CHRISTOPHER","GORDON",NULL,"BEALES","KM","XRST","KRTN","","BLS"
827,827,"P","GREENOCK","1965-01-06","JOHN",NULL,NULL,NULL,"KEOGH","JN","","","","K"
828,828,"P","CARDIFF","1955-01-04","TERRENCE","ALBERT",NULL,NULL,"WATTS","TRNS","ALBR","","","WTS"
829,829,"P","GUERNSEY CHAN IS","1975-01-11","DENZIL","CHARLES",NULL,NULL,"STEPHEN","TNSL","KRLS","","","STFN"
830,830,"P","LITTLEHAMPTN","1963-01-05","JANET","MARY",NULL,NULL,"KNIGHT","JNT","MR","","","NT"
831,831,"P","BOLTON LANCS","1956-01-08","COLLETTE",NULL,NULL,NULL,"BARTON","KLT","","","","BRTN"
832,832,"P","COVENTRY","1942-01-20","FRANCES","JOAN",NULL,NULL,"GREEN","FRNS","JN","","","KRN"
833,833,"P","LEEDS","1959-01-08","RAYMOND",NULL,NULL,NULL,"TUDOR","RMNT","","","","TTR"
834,834,"P","READING","1966-01-29","MICHAEL","JOHN",NULL,NULL,"HANMORE","MXL","JN","","","HNMR"
835,835,"P","ST HELENS","1961-01-25","IAN",NULL,NULL,NULL,"MARTIN","IN","","","","MRTN"
836,836,"P","LEWISHAM","1967-01-05","ANDREW","MICHAEL",NULL,NULL,"LAW","ANTR","MXL","","","L"
837,837,"P","BRISTOL","1969-01-26","MARTIN","JOHN",NULL,NULL,"HARDING","MRTN","JN","","","HRTN"
838,838,"P","BURNLEY","1962-01-25","MARGARET",NULL,NULL,NULL,"FEARON","MRKR","","","","FRN"
839,839,"P","YEOVIL","1930-01-24","DESMOND","BRYAN",NULL,NULL,"MILLWARD","TSMN","BRYN","","","MLWR"
840,840,"P","BELFAST","1952-01-02","JOHN","BENEDICT",NULL,NULL,"OLIVER","JN","BNTK","","","OLFR"
841,841,"P","BRIDGWATER","1961-01-11","SHAUN","BERNARD",NULL,NULL,"REYNOLDS","XN","BRNR","","","RNLT"
842,842,"P","LONDON","1954-01-22","PHILIP",NULL,NULL,NULL,"CAVE","FLP","","","","KF"
843,843,"P","LEEDS","1972-01-19","ELLIOT","CARL",NULL,NULL,"BRIGGS","ELT","KRL","","","BRKS"
844,844,"P","NOTTINGHAM","1963-01-26","LOUISE","ETTE",NULL,NULL,"ULUS","LS","ET","","","ULS"
845,845,"P","LEVEN","1950-01-11","LAWRENCE",NULL,NULL,NULL,"HUNTER","LRNS","","","","HNTR"
846,846,"P","CARDIFF","1956-01-07","COLIN",NULL,NULL,NULL,"CANNING","KLN","","","","KNNK"
847,847,"P","LEEDS","1957-01-27","LORRAINE",NULL,NULL,NULL,"TODD","LRN","","","","TT"
848,848,"P",NULL,"1960-01-04","KEVIN",NULL,NULL,NULL,"NUNNLEY","KFN","","","","NNL"
849,849,"P","DERBY","1962-01-22","PETER","LOUIS",NULL,NULL,"ASHIQ","PTR","LS","","","AXK"
850,850,"P","WST BROMWICH","1931-01-02","JOHN",NULL,NULL,NULL,"ASHWORTH","JN","","","","AXWR"
851,851,"P","OLDHAM","1938-01-28","WILLIAM",NULL,NULL,NULL,"TAYLOR","WLM","","","","TLR"
852,852,"P","GUERNSEY CHAN IS","1974-01-28","LEIGH","TERRY",NULL,NULL,"WILLIAMS","L","TR","","","WLMS"
853,853,"P","NEWTON LE WILLOWS","1948-01-03","JOHN","ALAN",NULL,NULL,"KOURALLIAS","JN","ALN","","","KRLS"
854,854,"P","PORTSMOUTH","1966-01-03","SHAUN",NULL,NULL,NULL,"LARGE","XN","","","","LRJ"
855,855,"P","EIRE","1938-01-19","DAVID","THOMAS",NULL,NULL,"TURNBULL","TFT","0MS","","","TRNB"
856,856,"P","COVENTRY","1959-01-31","PAUL",NULL,NULL,NULL,"DAWSON","PL","","","","TSN"
857,857,"P","BRADFORD","1936-01-25","PATRICIA",NULL,NULL,NULL,"MASTERS","PTRX","","","","MSTR"
858,858,"P","LITTLEHAMPTN",NULL,"JEFFREY","NEIL",NULL,NULL,"SCOTT","JFR","NL","","","SKT"
859,859,"P","KENYA","1957-01-21","RASHAD","HAFIZ",NULL,NULL,"PONTER","RXT","HFS","","","PNTR"
860,860,"P","SCUNTHORPE","1967-01-02","MICHAEL","ROY",NULL,NULL,"BOULD","MXL","R","","","BLT"
861,861,"P","CRIEFF","1963-01-29","ANDREW","SOMMERVILLE",NULL,NULL,"STEWART","ANTR","SMRF","","","STWR"
862,862,"P","ESSEX","1966-01-28","MELANIE","ANGELA",NULL,NULL,"KIDD","MLN","ANJL","","","KT"
863,863,"P","IPSWICH","1965-01-20","MATTHEW",NULL,NULL,NULL,"COPELAND","MT","","","","KPLN"
864,864,"P","BRISTOL","1969-01-12","SHARRON","KIMBERLY",NULL,NULL,"DUNN","XRN","KMBR","","","TN"
865,865,"P","NIGERIA","1955-01-08","EMMANUAL","RAPUSUNDAY",NULL,NULL,"ODIWE","EMNL","RPSN","","","OTW"
866,866,"P","ISLEWORTH","1970-01-13","JOHN","FREDERICK",NULL,NULL,"LAZENBY","JN","FRTR","","","LSNB"
867,867,"P","NIGERIA","1960-01-15","SIMEON","TESIMI",NULL,NULL,"DIEP","SMN","TSM","","","TP"
868,868,"P",NULL,"1948-01-05","BRIAN","ALBERT",NULL,NULL,"BAGHA","BRN","ALBR","","","BK"
869,869,"P","PAKISTAN","1961-01-05","BUSHARA",NULL,NULL,NULL,"HOLROYD","BXR","","","","HLRT"
870,870,"P","HARLOW","1963-01-15","PETER","DAVID",NULL,NULL,"OLDALE","PTR","TFT","","","OLTL"
871,871,"P","BROMLEY","1922-01-29","JOHN","COLIN",NULL,NULL,"MURDOCH","JN","KLN","","","MRTX"
872,872,"P","YORK","1936-01-03","MARGARET","ROSE",NULL,NULL,"BURNEY","MRKR","RS","","","BRN"
873,873,"P","BROMLEY","1949-01-29","WILLIAM",NULL,NULL,NULL,"CHAMBERLAIN","WLM","","","","KMBR"
874,874,"P","BRADFORD/AVN/WTBURY/WILTS","1963-01-23","PAULE","LIBERTY",NULL,NULL,"BRIDGES","PL","LBRT","","","BRJS"
875,875,"P","GUERNSEY C I","1954-01-22","ROBIN",NULL,NULL,NULL,"JENKINS","RBN","","","","JNKN"
876,876,"P","CLWYD","1953-01-23","CAROL","ANN",NULL,NULL,"VERMA","KRL","AN","","","FRM"
877,877,"P","CRAWLEY","1957-01-22","ANTHONY","MICHAEL",NULL,NULL,"FORREST","AN0N","MXL","","","FRST"
878,878,"P","NEATH","1966-01-01","PHILIP","PETER",NULL,NULL,"YOUSEF","FLP","PTR","","","YSF"
879,879,"P","NORTHWICK PARK","1973-01-16","STEPHEN","PAUL",NULL,NULL,"BRADY","STFN","PL","","","BRT"
880,880,"P","LONDON","1949-01-11","ALAN","LESLIE",NULL,NULL,"BELL","ALN","LSL","","","BL"
881,881,"P","CORK EIRE","1932-01-26","MICHAEL","JOSEPH",NULL,NULL,"HURCOMBE","MXL","JSF","","","HRKM"
882,882,"P","HUDDERSFIELD","1975-01-11","ROWENA","LOUISE",NULL,NULL,"GREEN","RWN","LS","","","KRN"
883,883,"P","CROYDON","1944-01-04","ALEX",NULL,NULL,NULL,"RUSSELL","ALKS","","","","RSL"
884,884,"P","LEEDS","1966-01-11","DARREN",NULL,NULL,NULL,"DAWSON","TRN","","","","TSN"
885,885,"P",NULL,"1967-01-02","TONIA",NULL,NULL,NULL,"SURRIDGE","TN","","","","SRJ"
886,886,"P","MORLEY","1944-01-13","JOHN","DUDLEY",NULL,NULL,"COTTERILL","JN","TTL","","","KTRL"
887,887,"P","MANCHESTER","1926-01-24","JOYCE",NULL,NULL,NULL,"TINNING","JS","","","","TNNK"
888,888,"P","MILTON HANTS","1965-01-31","WENDY","ANN",NULL,NULL,"RIPLEY","WNT","AN","","","RPL"
889,889,"P","BRAZIL",NULL,"MONICA",NULL,NULL,NULL,"WALTERS","MNK","","","","WLTR"
890,890,"P","WIDNES","1945-01-20","KENNETH",NULL,NULL,NULL,"BARCAS","KN0","","","","BRKS"
891,891,"P","BOLTON LANCS","1966-01-04","JOANNE",NULL,NULL,NULL,"KHAN","JN","","","","KHN"
892,892,"P","LIVERPOOL","1950-01-09","ALAN",NULL,NULL,NULL,"TWIST","ALN","","","","TWST"
893,893,"P","MIDDLESBROUGH","1978-01-19","RICHARD","PHILIP",NULL,NULL,"HARRIS","RXRT","FLP","","","HRS"
894,894,"P","JAMAICA","1933-01-05","CLARENCE","AUGUSTUS",NULL,NULL,"LUMSDEN","KLRN","AKST","","","LMST"
895,895,"P","ALRESFORD","1946-01-05","ISABEL","LEANDA",NULL,NULL,"WHITEHEAD","ISBL","LNT","","","WTHT"
896,896,"P","MANCHESTER","1949-01-24","LESLEY",NULL,NULL,NULL,"BRENNAN","LSL","","","","BRNN"
897,897,"P","HILLINGDON","1960-01-08","LINDA","MAY",NULL,NULL,"SAAD","LNT","M","","","ST"
898,898,"P","BARBADOS","1931-01-15","RUFUS","SINCLAIR",NULL,NULL,"KILBY","RFS","SNKL","","","KLB"
899,899,"P","PORTSMOUTH","1970-01-08","PAUL","MARTIN",NULL,NULL,"BLOCK","PL","MRTN","","","BLK"
900,900,"P","STOCKPORT","1958-01-22","KEVIN",NULL,NULL,NULL,"BARNES","KFN","","","","BRNS"
901,901,"P","HUDDERSFIELD","1963-01-04","DAVID","ALAN",NULL,NULL,"TODD","TFT","ALN","","","TT"
902,902,"P","INDIA","1937-01-24","COLLEEN","DOREEN",NULL,NULL,"COOK","KLN","TRN","","","KK"
903,903,"P","LEICESTER","1960-01-02","STUART","KENNETH",NULL,NULL,"LONG","STRT","KN0","","","LNK"
904,904,"P","BIRMINGHAM","1969-01-18","NICHOLAS","ANTHONY",NULL,NULL,"HARDING","NXLS","AN0N","","","HRTN"
905,905,"P","LIVERPOOL","1947-01-18","PETER",NULL,NULL,NULL,"TAYLOR","PTR","","","","TLR"
906,906,"P","LEEDS","1952-01-05","DAVID",NULL,NULL,NULL,"ADENIRAN","TFT","","","","ATNR"
907,907,"P","BLACKHEATH","1948-01-16","VICTORIA","CAROL",NULL,NULL,"MURDOCH","FKTR","KRL","","","MRTX"
908,908,"P","LIVERPOOL","1927-01-28","JOHN","STANLEY",NULL,NULL,"BOULTER","JN","STNL","","","BLTR"
909,909,"P","HARTLEPOOL","1955-01-13","BARRY",NULL,NULL,NULL,"SAYERS","BR","","","","SYRS"
910,910,"P","GLASGOW","1932-01-18","DONALD","CAMPBELL",NULL,NULL,"MOONEY","TNLT","KMPB","","","MN"
911,911,"P","WINCHESTER HAMPSHIRE","1976-01-14","CHRISTIAN","RICHARD",NULL,NULL,"HOBDEN","XRSX","RXRT","","","HBTN"
912,912,"P","BARNSLEY","1974-01-16","SHANE","CHRISTOPHER",NULL,NULL,"HEYES","XN","XRST","","","HYS"
913,913,"P","LEICESTER","1960-01-22","RAYMOND","JOHN",NULL,NULL,"DAVIES","RMNT","JN","","","TFS"
914,914,"P","BRISTOL","1960-01-10","CHERI","DOROTHY",NULL,NULL,"JANES","KR","TR0","","","JNS"
915,915,"P","WESTON/MARE","1967-01-13","RICHARD","CYRIL",NULL,NULL,"MEE","RXRT","SRL","","","M"
916,916,"P","LIVERPOOL","1944-01-23","JOSEPH","EDWARD",NULL,NULL,"MOWATT","JSF","ETWR","","","MWT"
917,917,"P","MANCHESTER","1940-01-31","NORAH",NULL,NULL,NULL,"CUNNINGHAM","NR","","","","KNNK"
918,918,"P","SURREY","1964-01-22","STEPHEN","BARRY",NULL,NULL,"WALTON","STFN","BR","","","WLTN"
919,919,"P","WOOLWICH LDN","1958-01-07","BRENDA","ANN",NULL,NULL,"PICKENS","BRNT","AN","","","PKNS"
920,920,"P","BLACKBURN","1946-01-31","JAMES","MARTIN",NULL,NULL,"TOUT","JMS","MRTN","","","TT"
921,921,"P","BIRMINGHAM","1961-01-18","NEIL","RONALD",NULL,NULL,"JOINER","NL","RNLT","","","JNR"
922,922,"P","MUSSELBURGH","1955-01-28","BRIAN","ALEXANDER",NULL,NULL,"MCKEE","BRN","ALKS","","","MK"
923,923,"P","AYLESBURY","1966-01-23","SIMON","PETER",NULL,NULL,"VIRCIGLIO","SMN","PTR","","","FRSK"
924,924,"P","DUNSTABLE","1953-01-27","DAVID","LACHLAN","ROSS",NULL,"NATH","TFT","LXLN","RS","","N0"
925,925,"P","READING","1963-01-22","ORNELLA","PAOLA",NULL,NULL,"HOWARD","ORNL","PL","","","HWRT"
926,926,"P","SHREWSBURY","1962-01-18","SUSAN","NICOLA",NULL,NULL,"DOUGLAS","SSN","NKL","","","TKLS"
927,927,"P","SWANSEA","1953-01-20","ROYSTON","JAMES",NULL,NULL,"GREEN","RSTN","JMS","","","KRN"
928,928,"P","REDDITCH","1963-01-13","ANDREW","PHILIP",NULL,NULL,"RADWELL","ANTR","FLP","","","RTWL"
929,929,"P","DERBY","1955-01-29","PAUL",NULL,NULL,NULL,"RATCLIFFE","PL","","","","RTKL"
930,930,"P","HACKNEY LDN","1967-01-09","MARTIN","HENRY",NULL,NULL,"COOK","MRTN","HNR","","","KK"
931,931,"P","DORSET","1965-01-22","DANIEL","JAMES",NULL,NULL,"TAYLOR","TNL","JMS","","","TLR"
932,932,"P","MANCHESTER","1957-01-18","DIANE",NULL,NULL,NULL,"LOCKHART","TN","","","","LKHR"
933,933,"P","LEEDS","1955-01-26","GILLIAN","ANNE",NULL,NULL,"BROWN","JLN","AN","","","BRN"
934,934,"P","BRISTOL","1944-01-02","ANDREW","VENN",NULL,NULL,"HARPER","ANTR","FN","","","HRPR"
935,935,"P","PLYMOUTH","1973-01-19","BARRY","FREDERICK",NULL,NULL,"MACGARRY","BR","FRTR","","","MKKR"
936,936,"P","HARROGATE","1975-01-20","BRENDAN","ASHLEY",NULL,NULL,"RITCHIE","BRNT","AXL","","","RX"
937,937,"P","BEBINGTON","1966-01-11","SHARON","MARGARET",NULL,NULL,"POPAY","XRN","MRKR","","","PP"
938,938,"P","DAGENHAM","1933-01-28","CHARLES","JOHN",NULL,NULL,"PRIOR","KRLS","JN","","","PRR"
939,939,"P","WOODHALL SPA","1962-01-03","ALLAN","RICHARD",NULL,NULL,"WHITE","ALN","RXRT","","","WT"
940,940,"P","LONDON","1961-01-05","JOHN","ARTHUR",NULL,NULL,"COSTON","JN","AR0R","","","KSTN"
941,941,"P","ROTHERHAM","1939-01-30","TERRENCE","DONALD",NULL,NULL,"NICHOLAS","TRNS","TNLT","","","NXLS"
942,942,"P","SHREWSBURY","1974-01-18","LEE","MICHAEL",NULL,NULL,"BRADLEY","L","MXL","","","BRTL"
943,943,"P","SURREY","1966-01-16","SHIREEN",NULL,NULL,NULL,"DONEGAN","XRN","","","","TNKN"
944,944,"P","OAKDALE","1948-01-01","MICHAEL","JOHN",NULL,NULL,"WAITE","MXL","JN","","","WT"
945,945,"P","MOTHERWELL","1937-01-04","JOHN",NULL,NULL,NULL,"MCGUIRE","JN","","","","MKKR"
946,946,"P","SALFORD","1957-01-05","GRAHAM","GEORGE",NULL,NULL,"SEISDEDOS","KRHM","JRJ","","","SSTT"
947,947,"P","GATESHEAD","1968-01-05","BARRY",NULL,NULL,NULL,"SPIRES","BR","","","","SPRS"
948,948,"P","BILLINGE","1951-01-25","NORMAN",NULL,NULL,NULL,"DALY","NRMN","","","","TL"
949,949,"P","GOSPORT","1944-01-28","DAVID","ALLAN",NULL,NULL,"BRAND","TFT","ALN","","","BRNT"
950,950,"P","CAMBERWELL","1962-01-15","RONALD","LEONARD",NULL,NULL,"TAYLOR","RNLT","LNRT","","","TLR"
951,951,"P","LEIGH","1943-01-02","JAMES",NULL,NULL,NULL,"MCCOY","JMS","","","","MKK"
952,952,"P","GRAVESEND","1926-01-24","JEAN","IRIS",NULL,NULL,"MCNULTY","JN","IRS","","","MKNL"
953,953,"P","CHELTENHAM","1956-01-29","JANE",NULL,NULL,NULL,"TRAYNOR","JN","","","","TRNR"
954,954,"P","FEATHERSTONE","1955-01-16","JACQUELINE","FRANCIS",NULL,NULL,"PARK","JKKL","FRNS","","","PRK"
955,955,"P","MANCHESTER","1950-01-23","LEONARD","DONALD",NULL,NULL,"MULLEN","LNRT","TNLT","","","MLN"
956,956,"P","BRIGHTON","1970-01-15","MICHAEL","GARY",NULL,NULL,"PETTET","MXL","KR","","","PTT"
957,957,"P","LONDON","1951-01-27","MARGARET","ANNE",NULL,NULL,"MASON","MRKR","AN","","","MSN"
958,958,"P","HULL","1960-01-06","GRAHAM","MARK",NULL,NULL,"LEAKE","KRHM","MRK","","","LK"
959,959,"P","GLASGOW","1950-01-25","JAMES",NULL,NULL,NULL,"SHERGILL","JMS","","","","XRJL"
960,960,"P","LEEDS","1940-01-16","ROBERT",NULL,NULL,NULL,"COOKSON","RBRT","","","","KKSN"
961,961,"P","ENFIELD","1951-01-02","DAVID","HOWARD",NULL,NULL,"GILMOUR","TFT","HWRT","","","JLMR"
962,962,"P","MANCHESTER","1958-01-05","BARRY","LEONARD",NULL,NULL,"BANGURA","BR","LNRT","","","BNKR"
963,963,"P","WHITECHAPEL","1949-01-23","RICHARD","ALBERT",NULL,NULL,"COOK","RXRT","ALBR","","","KK"
964,964,"P","LONDON","1941-01-28","PATRICIA","JOE'S",NULL,NULL,"IHSAN","PTRX","JS","","","ISN"
965,965,"P","LEEDS","1964-01-28","DIANE",NULL,NULL,NULL,"GANSON","TN","","","","KNSN"
966,966,"P","GRAVESEND","1971-01-20","RASWINDER","SINGH",NULL,NULL,"GOMERSALL","RSWN","SN","","","KMRS"
967,967,"P",NULL,NULL,"JOHN","HAROLD",NULL,NULL,"LAPHAM","JN","HRLT","","","LFM"
968,968,"P","DEVIZES","1956-01-27","PETER","CLIVE",NULL,NULL,"MILNE","PTR","KLF","","","MLN"
969,969,"P","ENFIELD","1952-01-20","FRANK",NULL,NULL,NULL,"FLETCHER","FRNK","","","","FLXR"
970,970,"P","LIVERPOOL","1962-01-21","STEPHEN","JAMES",NULL,NULL,"DILLON","STFN","JMS","","","TLN"
971,971,"P","WEMBLEY","1952-01-15","SAMUEL","GEORGE",NULL,NULL,"RUSH","SML","JRJ","","","RX"
972,972,"P","SHOREHAM SX","1971-01-05","PAUL","STEPHEN",NULL,NULL,"COLEMAN","PL","STFN","","","KLMN"
973,973,"P","ARBROATH","1951-01-12","JAMES","ALLAN",NULL,NULL,"ALLEN","JMS","ALN","","","ALN"
974,974,"P","MANCHESTER","1954-01-06","STEWART","WESLEY",NULL,NULL,"KELLY","STWR","WSL","","","KL"
975,975,"P","WARRINGTON","1960-01-16","VINCENT",NULL,NULL,NULL,"NEVILLE","FNSN","","","","NFL"
976,976,"P","BIRMINGHAM","1965-01-01","JANE",NULL,NULL,NULL,"STOWERS","JN","","","","STWR"
977,977,"P","HEREFORD","1959-01-18","LLOYD","JAMES",NULL,NULL,"HALLAM","LT","JMS","","","HLM"
978,978,"P","NEWCASTLE/TY","1945-01-28","COLIN",NULL,NULL,NULL,"MURPHY","KLN","","","","MRF"
979,979,"P","BRISTOL","1951-01-04","MARGARET","ANNE",NULL,NULL,"ARNDT","MRKR","AN","","","ARNT"
980,980,"P","BARKING","1960-01-12","STEVEN","PAUL",NULL,NULL,"NIVEN","STFN","PL","","","NFN"
981,981,"P","HARROW","1937-01-02","MICHAEL",NULL,NULL,NULL,"SHARPE","MXL","","","","XRP"
982,982,"P","WORKSOP","1960-01-18","HELEN",NULL,NULL,NULL,"MARSHALL","HLN","","","","MRXL"
983,983,"P","OSWESTRY","1970-01-24","JOHN","ANDREW",NULL,NULL,"COLFER","JN","ANTR","","","KLFR"
984,984,"P","BRIGHTON","1957-01-13","PATRICIA","JOAN",NULL,NULL,"PRICE","PTRX","JN","","","PRS"
985,985,"P","HUDDERSFIELD","1944-01-01","GERALD","HOWARD",NULL,NULL,"BOURNE","JRLT","HWRT","","","BRN"
986,986,"P","LIVERPOOL","1941-01-12","HUGH",NULL,NULL,NULL,"PARKES","H","","","","PRKS"
987,987,"P","LIMERICK","1951-01-13","JOHN","ANTHONY",NULL,NULL,"DOLAN","JN","AN0N","","","TLN"
988,988,"P","POLAND","1959-01-15","MIROSLAWA",NULL,NULL,NULL,"CAMPBELL","MRSL","","","","KMPB"
989,989,"P","ASHFIELD","1965-01-23","DEAN",NULL,NULL,NULL,"LOCKWOOD","TN","","","","LKWT"
990,990,"P","SWANSEA","1958-01-24","STEPHEN",NULL,NULL,NULL,"ARTHUR","STFN","","","","AR0R"
991,991,"P","DERBY","1955-01-06","DAVID","CHARLES",NULL,NULL,"MCDERMOTT","TFT","KRLS","","","MKTR"
992,992,"P","ROTHERHAM","1924-01-22","IVY",NULL,NULL,NULL,"TROTH","IF","","","","TR0"
993,993,"P","LONDON","1959-01-18","ALAN",NULL,NULL,NULL,"KIRK","ALN","","","","KRK"
994,994,"P","BARROW/FURNE","1976-01-04","ADAM",NULL,NULL,NULL,"RAHIM","ATM","","","","RHM"
995,995,"P","WHISTON","1951-01-10","PAMELA","JACQUELINE",NULL,NULL,"O'CONNOR","PML","JKKL","","","OKNR"
996,996,"P","BIRMINGHAM","1951-01-06","THOMAS","ALAN",NULL,NULL,"DANYLENKO","0MS","ALN","","","TNLN"
997,997,"P","DOWNHAM","1961-01-08","CLIFF","RICHARD",NULL,NULL,"SIMPSON","KLF","RXRT","","","SMPS"
998,998,"P","EDINBURGH","1959-01-19","ALASTAIR",NULL,NULL,NULL,"GIBSON","ALST","","","","JBSN"
999,999,"P","LONDON","1964-01-05","CLARE","FRANCES",NULL,NULL,"LANG","KLR","FRNS","","","LNK"
1000,1000,"P","HEMSWORTH","1961-01-08","CLIFFORD",NULL,NULL,NULL,"SIMPKINS","KLFR","","","","SMPK"
